latitude,longitude,date,rainfall_1d,rainfall_3d,rainfall_7d,rainfall_15d,rainfall_30d,rainfall_intensity_mm_hr,rainfall_forecast_24h,rainfall_forecast_48h,elevation,slope,aspect,curvature,ruggedness_tri,twi,drainage_distance_km,soil,geology,NDVI,land_use,seismic_pga,fault_distance_km,soil_moisture_baseline,soil_moisture_index,soil_moisture_satellite,insar_deformation_mm_yr,insolation_proxy,freeze_thaw_index,root_cohesion_proxy,road_distance,historical_landslide_density,distance_to_nearest_landslide_m,glacial_lake_distance_km,population_density,exposure_index,label
28.0325375,88.0569625,2018-10-02,2.6227035812745703,42.24462237896468,182.5523921221621,404.3226428535004,758.8872260888393,0.3002997108875696,3.7536874063384382,7.366042704784703,3177.5385610273534,89.99691474828906,320.4330139105019,91645672.09888415,113.87059670608399,1.505124807357788,0.2580749988555908,3.0,2.0,0.6095622777938843,1.0,0.2830914556980133,7.628358953788636,0.5940601229667664,0.6931613188318404,0.5592447519302368,8.441370010375977,0.5572799001334595,0.2544777709479625,0.6438249111175538,5733.709149885749,2,0.0,90.39415640300966,6.113063335418701,0.04948007231334091,1
27.8630375,88.87303750000001,2023-05-21,3.517994842938668,13.762482105648504,25.48342932513522,81.22694464850923,119.44756290841144,0.49500037855328627,4.37242660126739,4.019690844101901,2512.4360425905097,89.99766111169511,53.89998570264464,15306386.709677527,191.24811250759618,1.505124807357788,0.2580749988555908,2.0,5.0,0.6881555914878845,1.0,0.3173545002937317,4.604318621378759,0.5492748022079468,0.3712330637700145,0.23686005175113678,10.955153465270996,0.6027008602560432,0.035850810866998296,0.6752622365951538,13332.646813801573,1,0.0,53.16195140312872,5.99098014831543,0.025745834514275298,1
27.2217625,88.2127375,2018-05-26,1.177215307621801,5.678948133956038,27.841866835546924,52.27038397269047,110.88101678318833,0.33865115332436796,1.5129176874537322,5.077439022213446,3157.460332976862,89.99585236806158,123.81579412060779,-160406154.9840603,210.64692124331629,1.505124807357788,0.8161048293113708,3.0,4.0,0.6677485108375549,1.0,0.33397746086120605,5.1533215032641655,0.5168191194534302,0.3478067871277595,0.6856815814971924,10.480147361755371,0.8891311657618892,0.24199023572732822,0.667099404335022,814.9505924253439,1,0.0,13.201296000574642,4.21933650970459,0.1684612095257332,1
27.4703625,88.63123750000001,2023-09-07,0.32231279014206443,39.54682425983385,111.52154745684672,464.8639361873594,727.0643657810131,0.15746206770266194,6.141326573411512,30.427801696687887,4810.364322806294,89.99868827107069,40.074630797788245,-154339523.45560056,276.595929999712,1.505124807357788,0.2580749988555908,4.0,3.0,0.10333696752786636,1.0,0.2382984608411789,33.4363342914596,0.1995687484741211,0.4417824508608271,0.37891966104507446,11.451934814453125,0.5586983678798065,0.9874806453240338,0.4413347870111466,1948.0763239689068,2,0.0,6.231696185157368,6.059558391571045,0.10663963161871526,1
28.0240625,88.3940875,2021-08-24,28.428953952771945,42.625168009494836,71.83902283536095,258.20537088819214,575.3758985023379,9.748384361090581,1.772497005295759,17.08070387639226,2986.363842962296,89.99640990113905,257.75841268045315,99071326.10240924,177.47389180370453,4.213174819946289,0.7742249965667725,2.0,5.0,0.6325012445449829,1.0,0.2600567936897278,18.17817134823725,0.6546485424041748,0.6448366184083623,0.30579832196235657,11.19602108001709,0.8030085460075611,0.15288887637548337,0.6530004978179932,7428.717713826163,2,0.0,71.98261133247658,5.57808256149292,0.040023319804991166,1
27.6398625,88.8567625,2020-08-08,43.025597656116304,56.06702268703054,196.25751703391103,406.63293410668,779.2314055698389,16.561061204225748,11.016302206944799,25.39838136480961,3964.3680332161566,89.98049434018225,2.947015721023149,-57987793.561315745,133.92134783089037,1.505124807357788,0.8161048293113708,3.0,3.0,0.1555119752883911,1.0,0.2887863516807556,9.765325072384627,0.3916042447090149,0.5810752199402968,0.3402835428714752,9.924517631530762,0.5003306236414718,0.824609271438237,0.4622047901153565,12983.50492671441,1,0.0,30.77508661347765,4.828564643859863,0.025187718612106863,1
27.5861875,88.2383125,2021-08-13,11.250332495363269,78.19403997115543,192.5389041189915,373.97941916798436,662.8678002262566,6.750199497217961,8.14190002426635,48.48374610243255,1048.1185230500748,89.98871038944728,322.27900131548046,234642333.05703256,151.4508871774325,4.549647331237793,0.0,1.0,4.0,0.7556648850440979,1.0,0.2699407935142517,14.105728024605993,0.7124415040016174,0.7198838408854253,0.5020998120307922,11.072723388671875,0.5522501606230387,0.0002821080500094781,0.7022659540176392,2653.8832591234113,1,0.0,45.747887411452325,6.000428676605225,0.08692781335158675,1
27.9477875,88.13368750000001,2020-08-17,19.173250481102244,27.677274682060226,93.02350651842578,321.7612669247861,658.3588073984951,5.409784377001209,17.91459257079691,83.8257986732233,2930.7798476597814,89.99848044446557,326.5060677547875,-31126757.1499934,119.54336090060568,1.505124807357788,0.5770732164382935,2.0,4.0,0.5833359360694885,1.0,0.36213284730911255,3.1001960442087335,0.6354680061340332,0.6716191546510253,0.5410933494567871,10.732989311218262,0.541513932803324,0.13040296856327543,0.6333343744277955,8074.087350439975,1,0.0,78.34640138821217,4.197239398956299,0.03620808556082552,1
27.2980375,88.5800875,2019-08-20,12.096807270573485,76.97512615739146,99.14665376728519,333.92645990367913,622.0919424286863,4.863212397478203,7.521667633601279,6.658017277723583,2716.038635512118,89.99154705213893,343.7312599160335,105488706.93367422,174.94493643100108,3.584566354751587,0.8161048293113708,2.0,2.0,0.6311523914337158,1.0,0.25921228528022766,40.69325690063873,0.584081768989563,0.6240527691069696,0.24565793573856354,7.473578453063965,0.510010430591588,0.0682934178518541,0.6524609565734864,3403.837778805406,2,0.0,16.104641811544113,3.655025005340576,0.07076519814341682,1
28.0014625,88.4103625,2018-08-12,27.750125813322462,103.24075367196696,208.4207289493158,416.7729904092431,690.6562043440872,7.449480757602313,21.70124279515261,43.04124160500655,3138.3730377128777,89.99884178553692,338.8394974386112,33879577.8157896,106.7601617826015,2.1982719898223877,0.7742249965667725,2.0,5.0,0.6215253472328186,1.0,0.2622617483139038,15.564862024984505,0.5286513566970825,0.6224321740158612,0.26734912395477295,11.748640060424805,0.5168567826731132,0.23051186327357412,0.6486101388931275,5720.88864156599,2,0.0,69.05919011467999,4.8978071212768555,0.04843520089727324,1
27.6850625,88.0732375,2024-08-09,36.01008723561962,45.78780273358443,107.53430718211803,190.16248724444404,502.234918013732,8.001455551558022,39.929587017481005,36.13770215961764,2804.6820253510955,89.9980135086813,20.728582764812472,197313615.47623235,152.8926774832875,4.395496368408203,0.0,2.0,1.0,0.6726457476615906,1.0,0.3852637708187103,0.8631298308810134,0.417661190032959,0.46889471645232406,0.4964049458503723,7.885622978210449,0.5161831053022182,0.08966545531219325,0.6690582990646363,8772.368733156256,3,0.0,65.13659385078974,4.590622425079346,0.03421144912189224,1
27.5438125,88.4638375,2022-05-03,5.084712861665552,17.227199710853085,26.65773001291379,48.1488045491479,120.38944070031036,1.6146865448766785,1.902450455211773,2.072874657266988,2533.7431908680946,89.99835193990761,349.0548544375084,-148019838.75635535,78.3020777440909,1.505124807357788,1.0949194431304932,2.0,3.0,0.7732166647911072,1.0,0.28210094571113586,19.149963216524537,0.6069538593292236,0.406275109329215,0.33477044105529785,10.888792991638184,0.5045476469326122,0.0383883728998889,0.709286665916443,7649.0619223867825,3,0.0,23.90603376198879,4.571860313415527,0.0381810473276869,1
27.6426875,88.7963125,2018-07-10,11.020361215761863,51.43123364529657,203.3759349201252,385.9267477519042,699.2125948306165,1.810100140941392,0.5808811577879308,15.451202268884789,4464.748999539344,89.99855119548063,170.10944567353363,4149327.404119972,79.09778900044219,1.505124807357788,0.7742249965667725,4.0,3.0,0.04182955250144005,1.0,0.262825071811676,13.81088609518463,0.2885177433490753,0.48230018687358744,0.2281302660703659,8.72945785522461,0.9962844141683154,0.9614256615462551,0.41673182100057604,7094.648058229968,1,0.0,27.768511790466857,4.458988189697266,0.04045178930345845,1
27.4647125,88.4963875,2021-08-11,35.821542567324094,74.28667744768947,289.14508045659096,381.84159545724384,691.7328808938757,13.645064073181967,22.512381535552155,37.05914307667481,2444.716623125701,89.99837639038756,88.98199666762531,47381316.57544627,216.97082507770904,3.296884298324585,0.8161048293113708,2.0,3.0,0.754533588886261,1.0,0.24401243031024933,28.4053371412871,0.6889979243278503,0.7191369261599008,0.39309999346733093,9.437887191772461,0.7455583562150034,0.028815269612474846,0.7018134355545045,2434.343061565986,2,0.0,17.1781670857333,6.134350776672363,0.09230084568265061,1
27.2952125,88.84281250000001,2024-09-05,12.599119417530346,55.81161037895015,106.99227421968297,204.64064762358777,513.7064682440039,4.968189331223084,18.743363713750114,54.964559307639874,3173.5248229899785,89.99867403882331,224.34224825980334,-21005600.707943898,79.8691802435282,2.1982719898223877,0.7742249965667725,3.0,1.0,0.6215867400169373,1.0,0.23924079537391663,46.924346163418754,0.45771053433418274,0.49821764796953827,0.6813087463378906,7.238418102264404,0.9287943869601683,0.25194784681694915,0.6486346960067749,658.6982214776173,1,0.0,22.636257287163136,4.8228068351745605,0.1845932430428057,1
27.0466125,88.0383625,2020-07-06,19.957234065757127,43.481712943797085,139.52384195120692,199.80294109023242,488.5961297708137,6.506872439157588,15.503882872714073,44.8105438928096,3039.2908858084347,89.99916191460449,176.19504826692264,49915896.12209813,141.84583737605442,1.505124807357788,0.2580749988555908,3.0,4.0,0.5411433577537537,1.0,0.22808629274368286,26.236678044973534,0.5618187189102173,0.5490958787865091,0.19445763528347015,11.357561111450195,0.9994489342267753,0.17716166835319624,0.6164573431015015,3729.0582272511488,1,0.0,17.940360550928794,5.553186893463135,0.06784514898806296,1
27.8093625,88.70098750000001,2023-10-12,2.323070180806171,7.147800977778141,19.09158010374685,136.23960315514867,502.9633737312083,0.7778805875681031,3.611662455374722,6.1484720493535265,3337.743654978547,89.99442010419068,207.961646063172,-100903727.29657032,248.66807278739822,1.505124807357788,0.5770732164382935,3.0,5.0,0.6494417190551758,1.0,0.2672070562839508,14.738009603860831,0.43551090359687805,0.4799406763895202,0.24544566869735718,11.592867851257324,0.9708154151097573,0.36798883004397287,0.6597766876220703,1926.195481338354,1,0.0,43.191011932937606,4.3051371574401855,0.10576942550346548,1
27.3940875,88.23366250000001,2019-05-04,4.256882914970117,6.284052975591182,18.847994485030796,48.574625015409794,136.89271854107596,0.7763540969783586,12.696669685813681,12.100221368014957,2256.5400610063334,89.99806156357077,179.69614887501052,-116506626.09083083,91.05630266415898,1.505124807357788,0.8161048293113708,2.0,4.0,0.790784478187561,1.0,0.2846387028694153,9.5044088017687,0.4946310818195343,0.34649656112691185,0.7425208687782288,10.403257369995117,0.9999964845135558,0.015598386728079797,0.7163137912750245,11372.721519638879,1,0.0,32.453571429435165,5.806118965148926,0.028889617476671164,1
27.3404125,88.3592125,2018-07-10,17.01840373398702,47.44519493230985,200.0572034033857,384.9487156230701,680.9184117999672,7.50542295449453,0.8492560692287906,26.19340207427616,2774.5344845684626,89.99782808900251,333.0718666309363,12354392.747468894,129.81474066125668,1.505124807357788,0.5770732164382935,2.0,3.0,0.6796844601631165,1.0,0.2507081627845764,20.288438441946926,0.43760091066360474,0.5633085904040056,0.2723443806171417,9.001473426818848,0.5271061830867496,0.0817939617166882,0.6718737840652467,751.5426183780121,1,0.0,29.54178144163022,5.533293724060059,0.17566666667650305,1
27.7980625,88.2197125,2020-07-07,14.372389671258773,46.632394752722334,134.7350788992325,204.23833008397065,529.6283181414393,3.8624469442413445,34.38075758527999,49.225332505308444,2394.514382707255,89.9987954398088,282.09282549201987,-14444464.153290354,128.59077627361245,2.1982719898223877,0.7742249965667725,2.0,2.0,0.7348366379737854,1.0,0.27936550974845886,10.256971112824585,0.5655922293663025,0.5702934946156015,0.41636642813682556,6.882410526275635,0.6976259688923931,0.024483872484203008,0.6939346551895142,4105.346490957768,1,0.0,60.49797770262497,4.496959209442139,0.06218749460075126,1
28.1285875,88.37083750000001,2022-08-18,1.1303059461718332,18.05610119007524,110.52717243849199,314.4684752180422,538.5868750151491,0.3381055608549304,35.860005380376016,31.39365207702673,3616.9515892595573,89.99855524937858,126.03369090136408,108313613.24788702,252.13770350395095,2.8914191722869873,1.0949194431304932,3.0,3.0,0.23872308433055878,1.0,0.2437848001718521,17.27750935474643,0.5066940188407898,0.5390883210662754,0.2941407859325409,11.022993087768555,0.8970652166300823,0.5962438523592825,0.49548923373222353,16279.396683550636,2,0.0,83.6530518642948,3.860466957092285,0.020195520147189314,1
27.0296625,88.8939625,2024-10-04,6.715145879837722,16.808816840648504,115.43616715882919,233.14773963643268,559.1058240037489,1.136570889406178,1.3775505860628732,3.684304172265693,2185.378468659763,89.99897878863835,196.66403363102023,101942763.20877007,155.39183883653288,1.505124807357788,0.5770732164382935,2.0,1.0,0.8712669014930725,1.0,0.2340175360441208,75.55671311596507,0.5027487277984619,0.5461892185123499,0.26669013500213623,7.005530834197998,0.9895006728467517,0.012345128663718837,0.7485067605972291,11457.375700064438,1,0.0,49.238722168038876,6.21571683883667,0.029105661960306208,1
27.7924125,88.5638125,2023-08-23,3.178467762958633,20.499005875417122,128.82031333850196,254.58146641922613,522.7914938361752,0.8705949568048487,12.83283573981491,25.215446404684773,3076.9573583347146,89.99770281736748,98.03989603852011,-7478820.161406381,124.00896421940928,1.505124807357788,0.5161499977111816,3.0,1.0,0.6857948899269104,1.0,0.29387855529785156,8.004178190423817,0.512892484664917,0.5355189274775556,0.22182166576385498,6.748013019561768,0.7849656519710067,0.19621163830035174,0.6743179559707642,6807.77702631264,1,0.0,42.31314564384146,3.9653916358947754,0.04135458262120945,1
27.7754625,88.73586250000001,2022-06-24,4.157356641922907,80.87063781624805,127.61682116446214,319.6410803076859,552.7351214476779,1.8558615362559208,11.672900411139766,20.55873382278938,3658.565277457795,89.99813617586646,94.71021129198334,-152438429.17481244,316.1222711095313,1.505124807357788,0.36497315764427185,3.0,5.0,0.2642374336719513,1.0,0.27318334579467773,17.723783692546554,0.3760964274406433,0.46725820084447833,0.38928234577178955,11.788851737976074,0.7705290321766604,0.629145074829747,0.5056949734687806,2539.5280164181013,1,0.0,39.9028846387058,4.408442974090576,0.08810033446065546,1
27.1200625,88.50568750000001,2024-10-02,8.187746095917444,48.99683538990122,108.38010194340113,270.4323397037573,583.3315107663509,1.4923542675990318,3.3629843252607055,13.94793391290828,2207.9090124436034,89.99689477386231,16.720577577231097,200220508.4519148,380.16327063028075,4.338338375091553,0.36497315764427185,2.0,2.0,0.7402036190032959,1.0,0.23833811283111572,36.06617636475945,0.6707550883293152,0.658171509341259,0.18897616863250732,10.451740264892578,0.5105701928607735,0.013295172191555448,0.6960814476013184,18121.97299026431,1,0.0,23.030037131217764,3.6749935150146484,0.01835012076825865,1
27.4675375,88.83118750000001,2019-09-15,1.3718017456981288,73.72522389997197,190.33209075884457,471.3694608223939,767.8867269716717,0.5587578799339842,11.876941301337894,45.79591630779363,3018.0771244763146,89.99882778038562,252.2665476943086,-81182942.63489413,126.85936347554019,2.1982719898223877,0.5161499977111816,2.0,1.0,0.601533055305481,1.0,0.2299710512161255,28.405374191216524,0.6387168765068054,0.7241080165427926,0.5732031464576721,6.43702507019043,0.8261473058050526,0.16708769236767032,0.6406132221221924,9169.342862369447,1,0.0,17.266770308106942,4.469144344329834,0.032900138182068536,1
27.5946625,88.1174125,2018-10-07,2.5754275969413705,11.658618913516534,25.78542863735915,235.26297473031255,688.3437706819957,0.5403828308814049,1.9226983401391513,4.75814549480856,2215.3870908563067,89.99865252256369,357.5224254048488,104982104.4458887,91.64092102099396,1.505124807357788,0.36497315764427185,2.0,1.0,0.7544009685516357,1.0,0.3480917811393738,4.0584541437587465,0.445061057806015,0.5712109669019059,0.8055938482284546,6.70395040512085,0.5002336956094023,0.013626172443185343,0.7017603874206544,10609.783998159039,1,0.0,55.3866827967552,5.5828471183776855,0.030275420981124675,1
27.2556625,88.9241875,2018-05-16,3.9347019939160712,10.624109137986778,44.987595284028565,60.319225233482136,97.55170677380762,0.19673509969580358,2.9935081465597477,4.629442796014379,3158.45091004254,89.99892601219288,4.918897213206378,-59276530.43005784,162.51747463802087,1.505124807357788,0.7299463152885437,2.0,1.0,0.3312409222126007,2.0,0.22800442576408386,50.834923151497506,0.44148164987564087,0.2964537531329217,0.7179695963859558,5.821869373321533,0.5009207325222742,0.24259642661999942,0.2329671613872051,2217.2939042533517,1,0.0,31.702627671989003,44.242218017578125,0.13362389055038665,1
28.0975125,88.7242375,2018-07-24,8.687094294108887,49.99607057802834,134.27086145588117,286.0650749137157,679.4828947807532,4.636581158578475,5.03504359082563,33.386613348858305,1241.5667119600762,89.9987655365752,61.480036916290715,128138532.12574902,235.75718683058636,3.8077099323272705,1.8248658180236816,2.0,2.0,0.6944154500961304,1.0,0.2946206331253052,9.394781438423598,0.6403380632400513,0.6842884903914515,0.14882953464984894,9.805414199829102,0.6306337674745355,0.0005374641119102745,0.6777661800384522,7439.423140911965,1,0.0,75.31128877517425,3.5728538036346436,0.03811385433106573,1
27.3291125,88.6521625,2023-05-26,5.941924902333445,9.245037631967108,26.09375111889224,60.7928392120942,135.234626476386,0.8899522297730058,0.13256137552967476,1.22697282134939,2890.748410862687,89.99888673231365,316.53260928225075,154492202.01052976,132.31068729213837,4.906322002410889,0.0,3.0,2.0,0.7759318947792053,1.0,0.25329360365867615,47.96332347123106,0.6119158267974854,0.41610231360624245,0.31320300698280334,9.067569732666016,0.5685584942050199,0.11600289598405349,0.7103727579116822,2275.2070607502214,2,0.0,10.429507608228697,4.712230205535889,0.09522297275151652,1
27.7048375,88.1313625,2020-08-11,6.887263418083962,30.206485566372535,118.08851659779579,326.47875318695,771.7583714215608,3.242028674851072,6.084600146726505,14.255795486696712,2316.193675711206,89.9982933589512,216.8341101501393,74611616.44987921,104.036059395211,1.505124807357788,0.5770732164382935,2.0,2.0,0.4393611550331116,4.0,0.31106555461883545,4.845172102396243,0.5105075240135193,0.6489689004812131,0.667046308517456,9.07660961151123,0.9500936524248537,0.018964848938439503,0.035984028875827793,12197.819037002086,3,0.0,61.165604630672476,0.911234974861145,0.02282284944681762,1
28.0268875,88.1197375,2018-07-02,47.87175877683442,99.64731920774602,184.21569043786414,313.6675783165212,623.3981623307511,14.213313634115336,28.350843562996882,43.973285910519834,4351.990988225185,89.99879529800181,233.3140914020247,-143515861.59104192,138.09161813820305,1.505124807357788,1.154146432876587,4.0,3.0,0.08375683426856995,1.0,0.3047132194042206,5.806056930568864,0.23799021542072296,0.4170005668706336,0.4908320903778076,10.05321216583252,0.8993569847773955,0.9447978955459903,0.433502733707428,3741.6274066352503,2,0.0,85.94476279678857,3.979001045227051,0.0662134239118021,1
27.3799625,88.1081125,2018-08-25,4.376978670786043,69.28241744890855,153.24346612879583,291.9070851678258,687.4990061688053,1.3079760749205027,17.724400053635083,50.683951575144214,2010.9241653454287,89.99860006741474,252.25452068924716,37869922.42858856,140.82839383409274,3.584566354751587,0.7299463152885437,2.0,2.0,0.8664458394050598,1.0,0.32460492849349976,3.4977549101195287,0.622794508934021,0.6774612373360775,0.8311226963996887,6.842782020568848,0.8261972882955342,0.006939332868630421,0.7465783357620239,6575.966489429872,1,0.0,32.33204686980095,5.92828369140625,0.04435521679966711,1
27.0748625,88.2708625,2023-09-07,0.2817743614422188,32.977059194769176,102.99407678633165,387.17682148013904,678.1060516103677,0.13236809689852821,4.3928494318048115,44.59194075217564,4180.704541614656,89.99779201160435,179.03183117928847,77034673.27392498,273.7179107379927,3.4510350227355957,0.8161048293113708,4.0,2.0,0.1889358013868332,1.0,0.25050199031829834,21.848672004485994,0.46169307827949524,0.5764661817691914,0.2761017680168152,8.009263038635254,0.9999643091739991,0.9062781690307858,0.4755743205547333,3067.704060950076,2,0.0,1.1147157893786477,4.89942741394043,0.07755143087598722,1
27.8941125,88.1615875,2018-09-20,26.24405810565606,105.25600292787118,231.62913190439673,423.54962045007017,777.0504601050899,6.702041783129149,19.78960910391981,47.31247591672141,3021.421677531909,89.99889056109726,28.513330674795213,30696248.49826011,134.7756028015956,1.505124807357788,0.2580749988555908,2.0,3.0,0.7054368257522583,1.0,0.3463641405105591,2.5092518453093624,0.5264984965324402,0.66100541594006,0.3683234751224518,8.44102668762207,0.5303234822171753,0.1686449875245065,0.6821747303009034,1674.601821234619,1,0.0,72.09938684937448,5.9463372230529785,0.11693932253041625,1
27.4166875,88.87536250000001,2020-07-08,25.119078419120505,59.085699444499376,106.93299212416377,235.32125038508227,554.0680724628847,10.623051108934858,5.8115086732202865,20.249046381004764,2924.92338853791,89.99674496625107,274.90203324494126,-224136496.9950012,239.7668929106053,1.505124807357788,0.5770732164382935,3.0,1.0,0.6444780230522156,1.0,0.24710635840892792,33.115085771309495,0.5590344667434692,0.5776360888861876,0.46671560406684875,6.147778034210205,0.7286369299478775,0.12820519235751926,0.6577912092208863,6527.28706396828,2,0.0,20.892561107516528,4.727091312408447,0.0434945238551443,1
27.7924125,88.4731375,2024-09-16,10.389918229884842,48.13141592685918,108.26693297320678,291.17312317425933,518.0585581206636,3.4549506512923287,11.057740472629968,42.977950281129544,3359.1956700404876,89.99849884176697,37.517803009901854,-185146217.01012468,134.09212168212701,1.505124807357788,0.8161048293113708,2.0,2.0,0.5664730072021484,1.0,0.40774890780448914,0.5746423637138715,0.3186839520931244,0.41680988630725624,0.3162418007850647,8.856988906860352,0.5517089632622123,0.3847706301367203,0.6265892028808594,5868.656827045067,1,0.0,45.23559021635481,3.5284297466278076,0.046201760381708215,1
27.2895625,88.4475625,2020-05-11,1.469000267792611,5.182608980603153,20.960768519607623,37.178132128854934,97.27162990498897,0.23370700909743503,2.283429601678653,6.800524160349475,3301.2619132371233,89.98946954300008,147.2067289362426,-119320448.97678255,172.69030411734963,1.505124807357788,0.36497315764427185,3.0,3.0,0.6524779796600342,1.0,0.2608005404472351,27.59574505472367,0.37894150614738464,0.258800430842942,0.20855551958084106,9.29080867767334,0.9601575542611271,0.3401871584496585,0.6609911918640137,4325.484106519929,2,0.0,25.96114255280567,4.835249900817871,0.06007299213740964,1
27.3121625,88.6870375,2021-05-12,3.62627269671187,9.059972525802728,27.587219725408165,55.211706528483454,92.05432282476228,0.817031741251638,3.41437146114491,9.144566042524083,3125.1626711934437,89.99824510305473,333.61216846235504,-76085223.21697317,88.5938014544083,1.505124807357788,0.5770732164382935,3.0,2.0,0.6655900478363037,1.0,0.2265489250421524,49.76506643020602,0.4680386185646057,0.3098512728699731,0.6274439096450806,9.014954566955566,0.5260484571153166,0.22279401681302471,0.6662360191345216,6192.8525906103905,2,0.0,12.464183931754336,6.2572021484375,0.04677018340511699,1
27.8828125,88.7219125,2021-06-22,2.7809022087053075,74.32375044436029,174.50364246293196,351.95670131092913,631.0545738032483,1.054672546757202,34.34308004624484,63.75632276412965,3008.3756690778328,89.9993543817616,357.95946778296263,-49024705.3969977,146.00791307409494,2.1982719898223877,0.36497315764427185,2.0,5.0,0.7159036993980408,1.0,0.2964358627796173,9.513905994491337,0.38205936551094055,0.5069749598853748,0.22096660733222961,13.466764450073242,0.500158527918174,0.16263552578765333,0.6863614797592164,7521.292854736361,2,0.0,51.52154169799096,6.25344705581665,0.04026454743680389,1
27.1906875,88.6870375,2019-08-15,7.289039324063674,32.87206512367501,164.7205756636825,325.4534819548737,659.7436978361075,2.452509368779857,10.364121055140176,14.163604592590202,1713.5423140357693,89.973326192235,284.4116771327661,-65901504.18274542,106.39834460478015,1.505124807357788,0.8161048293113708,1.0,2.0,0.760783314704895,1.0,0.25006964802742004,51.37528875793298,0.6636959910392761,0.6891949764958849,0.6571595072746277,9.280421257019043,0.6877781791194517,0.002586502230340587,0.704313325881958,15262.631899881153,2,0.0,25.860536329929914,5.224286079406738,0.02254898148752816,1
27.3856125,88.8846625,2019-07-12,38.20007634096868,53.21723188086702,98.4342837691348,338.96003028829756,667.1178763574746,15.067597670738891,0.3811102847224113,14.494085600622078,2847.952995238101,89.97933849310897,222.68551144829544,-141795525.90093082,143.13160539709537,1.505124807357788,0.5770732164382935,2.0,1.0,0.5505476593971252,1.0,0.25056928396224976,36.47212340362255,0.5750973224639893,0.6394384473758243,0.511880099773407,7.768826961517334,0.9337715149686613,0.10215648256566957,0.6202190637588502,3815.0971702404586,2,0.0,22.183227918217344,4.08959436416626,0.0653508675105348,1
27.3545375,88.0476625,2018-05-10,3.5692029868967747,6.694540830368513,14.755930609775396,30.465767897194212,67.96546185162714,0.6895024123686269,24.78193741944467,19.229170525673666,2857.04884215936,89.99891465538262,39.36765884365087,-225342727.59693176,272.0657616765766,1.505124807357788,0.5770732164382935,2.0,3.0,0.6257168054580688,1.0,0.2984106242656708,4.723910194428331,0.408121258020401,0.26278551764670605,0.6325848698616028,9.809645652770996,0.5567270674631866,0.10497113832718492,0.6502867221832276,616.5555041891699,1,0.0,32.143381725276015,4.808903217315674,0.18929536090170138,1
27.2019875,88.73353750000001,2021-07-27,5.8021085166219475,45.90890095421157,154.64153133050468,312.8667932890559,627.6081198753441,0.8165263181613033,4.605897017045091,10.386263334020565,1909.3820994330883,89.97741378980292,44.761479163979914,-3056349.7483708113,63.21599013624311,1.505124807357788,0.7299463152885437,1.0,1.0,0.8278024196624756,1.0,0.24359416961669922,55.79946572986858,0.6620640158653259,0.6733874506046678,0.5236660242080688,6.157053470611572,0.5724889218551902,0.0049566328668106795,0.7311209678649903,14607.936898081269,2,0.0,25.45244893771556,4.23732328414917,0.022405166592285915,1
27.6426875,88.0127875,2021-06-10,15.305622344204021,64.25284805804804,214.74709765065913,338.3829720616253,377.5613583074884,6.467338963043248,42.07444331894418,54.45367210795736,3111.8112468269187,89.99865409283515,329.475456180903,-39897312.68122517,154.82365163956482,1.505124807357788,0.7742249965667725,3.0,1.0,0.6671066880226135,1.0,0.2928372919559479,6.676863878293846,0.3251422047615051,0.35585512297453703,0.8214215636253357,7.365976810455322,0.5346470832614826,0.21518286998404537,0.6668426752090455,1946.118285817191,2,0.0,63.02111368019186,6.424768924713135,0.10704681006679935,1
27.2697875,88.1987875,2020-07-21,4.156095418775132,31.989053681908224,177.32725833649405,328.05745871272865,541.0968791112073,2.002174592461652,0.1762209804266558,45.08497084730681,2944.494652829898,89.99785742865866,58.434535407156886,-46340668.37561514,190.81319553689914,3.114562749862671,1.290374994277954,2.0,4.0,0.6736213564872742,1.0,0.3517802655696869,3.4204086681671875,0.49376845359802246,0.5324911747546812,0.6388581991195679,10.728219032287598,0.6191318932961771,0.135675239807753,0.6694485425949097,3984.0505137926716,1,0.0,18.556228240138736,5.593782901763916,0.06463732055876589,1
27.1341875,88.1360125,2024-09-06,26.030643317273675,46.81086906627431,109.44173675041584,230.32576714363674,550.5842185489247,6.715741954410693,29.569900547477026,80.59665714260545,3391.3999016217545,89.99875244850062,186.72631973118501,185169244.18967578,319.65411781450985,3.584566354751587,0.8161048293113708,3.0,5.0,0.5173620581626892,1.0,0.2749751806259155,13.40917771239158,0.6034845113754272,0.6026985586719619,0.328154057264328,9.981255531311035,0.9982792375465912,0.41047542934816544,0.6069448232650757,3733.4241368113508,3,0.0,7.92614493774394,4.410158634185791,0.06672393213306782,1
28.0155875,88.7521375,2021-08-18,3.7152673023308713,23.507964960097617,111.55547953465349,397.69561244476233,658.8503691136744,0.22237440300609626,14.061337349724614,28.970160934074883,1796.4733819386338,89.99841991979518,151.14641675742712,55593363.9681869,90.10091942641654,1.505124807357788,0.5770732164382935,2.0,5.0,0.8339025974273682,1.0,0.4008982479572296,1.1585647186737285,0.5539813041687012,0.6229539551160284,0.3386438488960266,12.43841552734375,0.9689639397328712,0.0034072997008481425,0.7335610389709473,2420.958113924777,3,0.0,66.5371721207865,4.909502983093262,0.0915038509773276,1
27.1680875,88.64053750000001,2023-10-22,2.2435104820606777,18.47694995168682,29.789046358759336,46.82680622585781,328.2367335591355,0.6994076152963211,0.48098289210331063,3.1796993260453044,1765.6807827885673,89.99853603536117,357.3504271986336,38111600.366646126,68.91702296858024,1.505124807357788,0.8161048293113708,2.0,2.0,0.8480944037437439,1.0,0.23888744413852692,47.24690539129669,0.6170929670333862,0.508265686433005,0.4375130236148834,9.004335403442383,0.500267263139905,0.0030759399864538645,0.7392377614974976,16064.023612444355,1,0.0,28.364504612248325,4.17976188659668,0.02071150780413695,1
27.6822375,88.1174125,2022-08-15,3.5766213663521063,65.60069107929391,252.06275270039913,353.68917246057026,601.7184011617501,0.9821981686790009,16.010696535412013,10.963934947034078,2668.1624934805536,89.99812365529553,69.53202069835066,-82855707.27049883,233.06008131227594,1.505124807357788,0.2580749988555908,2.0,1.0,0.7199605703353882,1.0,0.3406815528869629,4.649872925977153,0.3792877495288849,0.4917753809393391,0.5121698379516602,4.61491584777832,0.6625790370548813,0.05881229353716683,0.6879842281341553,11915.421636051,4,0.0,61.12688134046517,5.204954624176025,0.027311855319448772,1
27.5861875,88.4545375,2019-08-14,0.03041146280058338,65.65963043720848,233.16814553914853,322.5296029553852,627.2555510153442,0.013325589261880884,4.4822124614269425,10.24948899618416,3224.9287290866578,89.99877480658793,128.80901313655795,-52317763.72912482,103.12571342583902,3.584566354751587,1.0322999954223633,3.0,3.0,0.6319622993469238,1.0,0.28557875752449036,14.352096424790565,0.351925253868103,0.487141507326336,0.40709131956100464,10.881983757019043,0.9066816001039649,0.2855890971754096,0.6527849197387696,3764.8040995771776,2,0.0,27.52923832900229,5.794292449951172,0.06759339857385478,1
27.9647375,88.70563750000001,2022-08-09,0.3725673737676297,21.92033146902113,59.633409175376045,141.9949656585137,448.69000635504085,0.180662691865513,137.16194470702408,144.31949222310968,2418.224498097749,89.99916393357246,55.20136833949516,-56539195.76055379,117.37058731566347,1.505124807357788,0.7742249965667725,2.0,5.0,0.7541449069976807,1.0,0.3531058430671692,1.9244779471928872,0.41347023844718933,0.44167288184292763,0.23971733450889587,12.832805633544922,0.6073265107969842,0.02644419870895993,0.7016579627990723,8900.941497901593,1,0.0,60.4527130993313,3.7186665534973145,0.0330021158765401,1
27.3375875,88.2615625,2021-09-06,18.701963006810043,47.64962305550928,145.57713919136114,274.4972829313616,557.7658612126864,8.177158997864483,5.416565547770255,11.220806381383714,2477.5604485860995,89.99599523515657,46.1875732926394,15500484.436263433,104.15175062331203,1.505124807357788,0.5770732164382935,2.0,3.0,0.7812272906303406,1.0,0.2798841893672943,10.667710870235062,0.5091156959533691,0.549391099496955,0.6655091047286987,8.284130096435547,0.5769250755073209,0.032042288990589786,0.7124909162521362,4690.42632809061,2,0.0,26.603207621689037,4.215486526489258,0.05588400152639391,1
27.8008875,88.87071250000001,2022-07-22,57.492876603899404,73.71825332893226,180.57566775139077,268.97458964462754,581.9178527468132,9.330482124437008,15.08160416368063,36.156074063959345,2901.518142305091,89.99907893522476,101.13175762066732,-8558683.715768652,125.90634041188216,1.505124807357788,1.0322999954223633,3.0,5.0,0.6465494632720947,1.0,0.31974849104881287,4.782816369630066,0.5360115766525269,0.5766730971893019,0.4303606450557709,9.904191017150879,0.7982664607396123,0.1197352640624455,0.6586197853088379,8760.143248869712,2,0.0,46.77066893086183,5.757033824920654,0.035334346888081854,1
27.1426625,88.2406375,2022-08-02,44.69203420095526,52.03295150944028,77.49324799232218,248.3623241887547,449.1521312582775,25.90520661571472,11.162973059760647,27.877573663463266,3706.9762288778074,89.99903784021492,141.9991305411005,57500233.44922191,153.94727305718385,1.505124807357788,0.36497315764427185,4.0,4.0,0.32922524213790894,1.0,0.2629305422306061,13.786384697519493,0.49260008335113525,0.48936402738208185,0.5880297422409058,10.558027267456055,0.9470003527255111,0.6659492998383777,0.5316900968551636,3838.454734548532,1,0.0,5.031275303840696,4.6962690353393555,0.06561413782422197,1
27.8178375,88.1499625,2018-07-15,28.133731301919003,72.05473243269746,139.45942580442474,353.03306925526743,645.0544624249208,8.866765502904792,29.537783761890623,61.54715731394964,2557.318236730134,89.99685539508198,276.45963683449156,16844344.71185123,130.50351990880895,4.872420787811279,0.0,2.0,3.0,0.6471043229103088,1.0,0.3510283827781677,3.288361818469029,0.5437464118003845,0.6104471654354959,0.4173888564109802,7.742069244384766,0.7218741889908231,0.04139684355344889,0.6588417291641235,2525.4923521131223,1,0.0,67.057942823017,5.26051139831543,0.08922996004511217,1
27.4929625,88.3057375,2021-05-04,2.0300217118542956,12.930475454737955,25.52040814438091,48.1665213486885,100.75709370868546,0.2378143635512714,1.0518815296819386,5.91215960731219,2023.805869016474,89.99731572574966,100.46381988609596,70063445.9826949,129.49930559194794,1.505124807357788,1.0322999954223633,1.0,5.0,0.7992701530456543,1.0,0.24697719514369965,18.45492909612062,0.49351391196250916,0.3291521741778928,0.4971085488796234,11.40340518951416,0.7954036502451916,0.007241585992546416,0.7197080612182618,2487.630746808415,1,0.0,36.19074129072732,5.920385837554932,0.09076724649205994,1
27.6765875,88.4243125,2022-08-18,1.189607749686724,12.88004120097475,99.42167957811183,250.7175892701975,449.9620649756589,0.3263730664010146,49.834788411255836,36.39445392559906,3063.4652922319597,89.99909327913208,286.9708822618095,-72990882.81740667,168.61974366334425,1.505124807357788,0.36497315764427185,2.0,2.0,0.6524111032485962,1.0,0.33186718821525574,4.192835891645718,0.3784903585910797,0.4212719207717565,0.23370252549648285,7.849928379058838,0.6770285818682463,0.18921550425892242,0.6609644412994385,6508.191362794238,1,0.0,36.83276897115538,4.275925159454346,0.04317642614712741,1
27.4364625,88.9288375,2018-08-04,12.470136635134415,73.96095455297684,105.18510941022313,244.69921064496737,572.3615788942056,4.316108933581888,54.70066569201159,112.69267135076713,2954.9069251902392,89.99834089169727,51.335221866969675,-75607389.50678974,94.5168285808012,2.1982719898223877,0.9305026531219482,3.0,1.0,0.5634751319885254,1.0,0.26237574219703674,30.76100304097477,0.5221891403198242,0.5639700776866288,0.6468784809112549,8.588319778442383,0.5938093054122098,0.13979701461445218,0.6253900527954102,10941.933028633599,1,0.0,26.20602732757436,3.833141565322876,0.02792995878095913,1
27.9082375,88.86373750000001,2020-07-20,18.526165808830203,26.500564260496073,259.4062896310038,378.7391386937691,555.599057655436,4.1747030778632075,4.44639927173728,5.703692657011122,2189.8917070115544,89.99903585859208,27.69401770876209,119725260.58040725,103.55729863363806,1.505124807357788,0.2580749988555908,2.0,5.0,0.8060997724533081,1.0,0.3293296992778778,5.9005487330012185,0.601866602897644,0.6040418140788679,0.2959374785423279,12.265620231628418,0.5286394611495473,0.0125299097314255,0.7224399089813233,11083.558981722925,1,0.0,57.506118959973094,6.384658336639404,0.030007735405323255,1
27.9251875,88.3568875,2022-06-09,38.06126596402139,70.95925723151427,142.60718034956523,261.7935772215526,311.16119871973456,17.33012271020748,7.169365389030333,22.32156190470099,3598.0010054512813,89.99908250104687,327.77703784038863,99040346.34393805,160.10855463494534,2.8914191722869873,0.36497315764427185,3.0,5.0,0.3166848421096802,1.0,0.26131901144981384,16.69125703663442,0.38149207830429077,0.3590259779703356,0.18527618050575256,12.408679962158203,0.5385051150340032,0.5809489210632524,0.5266739368438721,3871.9028475068753,2,0.0,63.55920277760534,5.358233451843262,0.06580390005696025,1
27.2839125,88.40106250000001,2024-10-24,4.066628538242328,16.621611311988662,21.63974342526219,49.97708597343828,191.0140471213364,0.6080213206397034,13.816484286316362,19.478125392890554,3393.810373767919,89.99916837343254,33.53873930774006,-51530159.67578969,175.75968242528936,1.505124807357788,0.7299463152885437,3.0,3.0,0.5699623823165894,1.0,0.24604065716266632,22.959059499961633,0.3211713135242462,0.2673939402453394,0.42167118191719055,9.06018352508545,0.5416218872047852,0.4124211483078428,0.6279849529266358,8249.532020590283,2,0.0,26.247740152899453,4.793215751647949,0.03613507835446853,1
27.2782625,88.5754375,2018-10-12,0.9206520627406771,10.025764427830334,25.733319373460063,118.61312637177136,554.0430536369106,0.27586419914011323,0.3231017363029689,3.5444051007806876,3126.2739133478085,89.99919458553447,315.5580948702156,-159596622.74021852,335.991160486209,1.505124807357788,0.7299463152885437,2.0,2.0,0.5768703818321228,1.0,0.25317439436912537,40.01168540622771,0.3848116099834442,0.4730908303769162,0.29944661259651184,7.233303070068359,0.5715098082323622,0.22343607262528187,0.6307481527328491,5060.642568657371,2,0.0,18.24265387883869,5.085458278656006,0.05347241272108232,1
27.4873125,88.3824625,2018-09-04,18.764960588396146,102.86277223503555,203.6733997082018,379.18524434351764,699.3001299159754,7.572331035396474,8.436485176265313,9.765688294085185,2515.634223088997,89.98050983866892,126.91926005501375,-98039119.83690816,80.14525719301118,1.505124807357788,0.5161499977111816,3.0,4.0,0.756551206111908,1.0,0.2478686422109604,25.639239470050928,0.3929026126861572,0.5449714998476082,0.33161941170692444,11.881237983703613,0.9001722516236392,0.03622112908393665,0.7026204824447633,10077.316954940665,2,0.0,28.683587343931407,5.494112014770508,0.03143501781303368,1
27.0861625,88.1894875,2018-10-04,3.080687568083575,11.662623983597467,98.70699235575194,306.44660660999006,665.3217128918343,0.2510142844780965,2.5740545903134278,9.618806525367033,4005.8751526850247,89.99596248357042,218.95588524057584,-25244539.011478484,335.5980774545585,3.296884298324585,0.5770732164382935,3.0,4.0,0.13708877563476562,1.0,0.2654224634170532,18.35592448924168,0.4760182797908783,0.5791622168875421,0.3586561977863312,10.307259559631348,0.9444075687266081,0.8437304286656891,0.4548355102539063,4181.932073926994,1,0.0,2.6348616516800774,5.549881935119629,0.0622979627022984,1
27.8969375,88.5824125,2020-10-08,4.798601344178452,18.60507207087794,24.132811206743057,163.362151673339,670.5537951070111,0.7536857150601259,0.16955216583941024,3.9909466000920983,2715.146863703016,89.99796858835597,54.9975590905824,75986370.13083589,129.90861994832403,3.4510350227355957,0.2580749988555908,2.0,4.0,0.6643201112747192,1.0,0.3942306339740753,2.090828483833464,0.49809885025024414,0.5948248022866609,0.359722375869751,11.090383529663086,0.6065971666827518,0.068104517305874,0.6657280445098878,7207.841070451151,3,0.0,53.37819637451192,5.171004295349121,0.040602660696302896,1
27.1652625,88.1197375,2019-08-21,6.053800711041937,38.4201292931971,90.39745732630752,318.6462653281118,615.3853687132464,1.7965367513189034,1.904226484225336,39.32393002425006,3737.5763746952425,89.99804750552754,62.50072930243954,232985379.14413255,227.97604857426762,4.277713775634766,0.36497315764427185,4.0,5.0,0.3094179630279541,1.0,0.2770925760269165,10.787156862228146,0.4297768175601959,0.5283751795471099,0.44139620661735535,11.380767822265625,0.6345656693306805,0.6882437110522591,0.5237671852111817,5372.47296635221,3,0.0,11.144323597470352,3.611380100250244,0.0496797049071464,1
27.9393125,88.7893375,2022-07-05,3.5897288475523683,65.7130850409314,142.4824750309445,358.61666714373376,650.0421175710784,0.4267800191715694,8.140194571064175,21.493786063646354,1519.404897062186,89.9983781881751,44.33113054814913,-55346648.123188525,183.50581506134674,2.6037371158599854,0.5770732164382935,2.0,5.0,0.791145920753479,1.0,0.30432039499282837,8.547028247101455,0.7872158288955688,0.7588302726735514,0.19022278487682343,10.881479263305664,0.5711717105717714,0.0013558314076461315,0.7164583683013916,7953.054276037789,1,0.0,58.799320327096076,3.710658550262451,0.036202639977424005,1
27.0381375,88.2243625,2021-08-12,31.033015037946292,98.95721286340341,178.1061282280077,346.5128665980948,671.2932393800027,10.826049166658947,8.603582562036696,18.921008042096393,4442.9607607909575,89.99773852527771,319.477983152706,82690751.11715385,95.56733112285403,1.505124807357788,0.2580749988555908,4.0,3.0,0.0854441374540329,1.0,0.25359997153282166,24.178022516554186,0.40505778789520264,0.5393413671288494,0.47444018721580505,8.955108642578125,0.5599609129119687,0.9586400457075792,0.4341776549816132,5169.190524015315,1,0.0,6.517189486123512,5.265562534332275,0.052768904924609374,1
27.4223375,88.3313125,2022-06-20,20.942609565669695,38.47118867229612,153.10140130600055,295.25953670237817,438.49420502962914,3.4497532577850856,4.58539544509465,37.54040237990844,2496.293445087024,89.99759591822354,357.66274354695787,76387545.407053,104.5205784072918,1.505124807357788,0.5770732164382935,2.0,4.0,0.7252966165542603,1.0,0.24820099771022797,19.331684676478893,0.4231356680393219,0.44276748431449675,0.3468550443649292,9.234182357788086,0.5002079779333015,0.034036633295480255,0.6901186466217042,8487.143777199206,1,0.0,32.81547524621044,3.797832727432251,0.034397310751856966,1
27.4421125,88.5638125,2021-06-19,21.446616377417723,88.4447277869043,142.41842119959753,368.591379600959,542.5291451439064,12.754748980593671,15.792986318302365,108.94921762070716,3746.861479941598,89.99563079844539,156.82923056277866,-187688200.1100788,216.88866595937128,1.505124807357788,0.2580749988555908,3.0,3.0,0.3056098520755768,1.0,0.2506677806377411,32.87817630481392,0.4029559791088104,0.4786645815147392,0.36600229144096375,9.882649421691895,0.9798340492013038,0.6948455608200084,0.5222439408302307,1673.4117377751465,1,0.0,10.108759855795974,3.542954921722412,0.1147547634754671,1
27.0324875,88.6870375,2023-07-12,43.14791430604691,80.67671786108482,184.31171618251295,346.41892453736216,585.588432287038,24.324426573406196,12.424984291022863,46.23146359281454,2061.9341288710452,89.99760794801334,230.6471549654062,-10072123.975725701,281.8625064601829,1.505124807357788,1.0322999954223633,2.0,5.0,0.9112569689750671,1.0,0.2461564838886261,56.449130312846584,0.3990074396133423,0.49616433288722206,0.5051900744438171,11.792825698852539,0.90852358282748,0.008214932332496488,0.7645027875900269,5868.780574261629,1,0.0,40.499448025966075,3.9772374629974365,0.046618242352011036,1
27.2387125,88.4568625,2022-08-14,33.724852081992694,93.24617159478615,266.12902635263066,348.5738886033277,638.2543433443607,5.328832621120454,2.8786271893199187,12.78141865227113,3406.0340134529306,89.99619671200776,123.31691594237304,24740068.458944567,170.11373946609535,3.4510350227355957,0.5770732164382935,3.0,3.0,0.5916380882263184,1.0,0.23882602155208588,28.20768814907023,0.37835097312927246,0.5080721188314906,0.12861207127571106,8.462506294250488,0.8873173892261291,0.422328979546382,0.6366552352905274,6077.493125772227,1,0.0,25.70739808481422,3.674251079559326,0.04504856284457865,1
27.2358875,88.5963625,2021-08-08,40.63326051455088,92.43516375037015,244.10542113289554,332.6772954927148,618.8828746832858,16.928630572359157,1.5489913497811272,27.777220636745866,2543.1828034365008,89.99088534527291,343.1281900567289,-59673082.2624453,148.23908330916433,1.505124807357788,0.5770732164382935,2.0,2.0,0.7334478497505188,1.0,0.2404215782880783,42.00001527355651,0.49422621726989746,0.5686586758435099,0.34300386905670166,9.7777099609375,0.5107608758932519,0.039566929002567176,0.6933791399002076,8423.612849726005,1,0.0,21.77590818970047,4.031952381134033,0.034828161688215564,1
28.0692625,88.23598750000001,2018-10-13,0.5654139664061729,2.7429217770146685,18.222553455967137,111.44843834672008,548.3840795024535,0.11158567122141379,2.389092159265763,2.89263152389235,4122.211434775307,89.99851770329562,323.2565430764229,-61570354.821404904,106.2209390234704,1.505124807357788,0.9305026531219482,3.0,1.0,0.22747458517551422,1.0,0.3090840280056,6.5473097471943,0.4397841691970825,0.5034631417636775,0.3236083984375,7.048582553863525,0.5496694662313321,0.8883540947296665,0.4909898340702057,3393.5501364718166,1,0.0,83.34846437294509,5.049985885620117,0.07222164238025516,1
27.7104875,88.1360125,2019-10-15,6.5542348879800825,11.581170915957433,30.1029315095896,63.42041931382514,480.3970911520528,2.484627856715953,0.4544379762294302,11.580110525367898,2160.1735271146563,89.99824485051369,106.187277007158,45757010.29647889,206.98339036416272,4.500856876373291,0.0,2.0,2.0,0.4109320044517517,4.0,0.3066324293613434,4.76764939310235,0.5680474638938904,0.5490498380165877,0.6713142991065979,8.293532371520996,0.8196944645390066,0.011361612934580474,0.035273300111293794,11444.910322359445,3,0.0,61.09871596894673,1.2579811811447144,0.024520440857424212,1
28.0353625,88.7149375,2020-07-01,50.35068343619593,66.27169625492617,99.73506551479566,275.73751526116445,569.4852162807556,9.361100231535788,13.903994536347646,32.27032070142205,1052.8841410888713,89.99799568893472,76.23156083834596,125084989.27080896,155.07016091518364,1.505124807357788,0.2580749988555908,1.0,4.0,0.7408590912818909,1.0,0.32876071333885193,4.489209796463922,0.7811588644981384,0.7180246703089105,0.10916322469711304,10.819158554077148,0.6905003796794458,0.00028662393625874,0.6963436365127564,6502.85191247787,2,0.0,68.35092739798354,4.99190092086792,0.04387052363872522,1
27.9110625,88.60798750000001,2022-08-25,12.44701899420876,32.488595220031556,115.50881328257418,256.90312201464695,497.1284783147819,4.871351431012217,3.517686402694137,4.44495491540641,2990.3783614930635,89.99617964683375,238.56280662105576,-65657806.46889589,293.9780083516626,1.505124807357788,0.5161499977111816,3.0,4.0,0.6478405594825745,1.0,0.38840577006340027,0.876225113225025,0.37211382389068604,0.439210028952018,0.40952324867248535,10.817071914672852,0.8803909004750892,0.15463005749467948,0.6591362237930298,10080.374994544516,2,0.0,54.62087189124493,4.268611431121826,0.030288161923342556,1
27.8884625,88.7823625,2024-10-02,7.927220415063795,47.192273454066466,106.3598848567073,270.629909365196,570.8916019780046,2.612316764933122,4.200203819065425,11.728687732521456,2164.290216431429,89.99573123820545,164.36451122301537,80294638.64003645,131.26870079768918,4.338338375091553,0.8161048293113708,2.0,5.0,0.7321242690086365,1.0,0.2800881862640381,12.557762179695606,0.6391522288322449,0.6334696383828216,0.39516669511795044,11.772393226623535,0.9907489535465456,0.011516787054932273,0.6928497076034547,10230.301598862436,1,0.0,53.130161615140814,5.943134784698486,0.031483557345492276,1
27.1567875,88.1546125,2018-08-17,1.6102206867310205,25.43025367426238,106.8411590674302,417.2125172170428,677.8189264990464,0.39872249379631924,41.15471343173677,44.01792085969806,3817.5259797907775,89.99797924881979,205.90871370347986,62810036.479207,116.06435813406763,2.1982719898223877,0.7299463152885437,3.0,4.0,0.16777808964252472,1.0,0.2722391188144684,10.557885666886936,0.4280986785888672,0.556177053626634,0.3458566665649414,11.212467193603516,0.9748728346266279,0.7423884766058997,0.4671112358570099,2137.043165815215,3,0.0,7.976595516325006,5.203460216522217,0.0997138747897061,1
27.9873375,88.7777125,2019-10-26,0.41922147317756553,3.295172577098708,23.447806330177478,56.59880137443207,200.72542949774336,0.03617146998520556,0.7898676588421096,0.9375250542708208,2065.0614706573356,89.9969371880155,170.64765102038996,-36240220.02186547,135.91171801210183,1.505124807357788,1.5048229694366455,1.0,5.0,0.8200143575668335,1.0,0.3557480275630951,3.7041399060126783,0.5059476494789124,0.3827408713489217,0.4556163549423218,12.610123634338379,0.9966769133113302,0.008300302056298347,0.7280057430267335,2933.7462952205738,2,0.0,63.8183706141446,5.739284515380859,0.08084377063083585,1
27.7952375,88.8567625,2019-09-12,13.111722761187885,88.16298593720595,197.51892763120736,421.6299781366635,676.9070445333136,5.544815336791477,22.680431026542244,63.84732763774554,2870.3660938780595,89.99791619811047,51.726276715525046,97462851.19481446,210.1005282307396,4.338338375091553,0.7299463152885437,3.0,5.0,0.6790674328804016,1.0,0.300845742225647,5.918893298472909,0.5702806711196899,0.6410654788524082,0.406141996383667,12.071304321289062,0.5951452359361902,0.10921548574143834,0.6716269731521607,7249.554442709519,2,0.0,45.61645014254325,5.296983242034912,0.04053497181780987,1
27.5720625,88.70098750000001,2021-09-14,22.48639624752498,57.13280947040124,134.7513665598699,257.37516524966105,452.26733212141664,11.615395448941024,48.78290844675526,128.7757043362542,4335.781389219903,89.99781036630942,167.57013549456224,38261219.84334863,64.25322672865231,2.6037371158599854,0.8161048293113708,4.0,4.0,0.14720618724822998,1.0,0.24931089580059052,26.023858945989993,0.41475987434387207,0.44409735115242077,0.3389495015144348,10.151993751525879,0.9941400545807675,0.9419111910071343,0.458882474899292,7276.260362540759,2,0.0,17.048187307074443,3.8300249576568604,0.03905375557978491,1
27.1680875,88.5289375,2023-07-13,14.148957980225944,96.01542601552735,156.7009140112006,348.9898034329685,583.3445363176801,1.6626239962301856,32.25879491981847,58.06185262270752,2733.376574281401,89.99771094970927,117.91532570213656,14948711.16674734,108.57062258062221,1.505124807357788,0.2580749988555908,2.0,2.0,0.7624715566635132,1.0,0.2544710636138916,36.48313550437842,0.46700358390808105,0.5359266170771999,0.23888231813907623,6.549636363983154,0.8670415476626838,0.07206378151685429,0.7049886226654053,13249.983207930809,1,0.0,26.96462259924401,3.6297829151153564,0.023671985972427086,1
27.0381375,88.5638125,2019-09-11,22.158736153998852,90.3057748097327,276.42789385101,459.2423232350056,727.5002136269907,6.5861986600817595,9.313265051548445,11.019301790900794,2255.852171233996,89.99820698314994,157.6054882324338,-86748654.59989485,304.4906318325545,1.505124807357788,0.5161499977111816,3.0,3.0,0.8340088129043579,1.0,0.2446821630001068,45.40754609505386,0.4582938551902771,0.5972186284475651,0.31734874844551086,10.31806755065918,0.9811456328088994,0.015563217138719117,0.7336035251617432,18108.12014866318,1,0.0,28.3010380813914,6.024785041809082,0.020546160305153008,1
27.3262875,88.1732125,2022-10-10,0.5447969511939902,6.293972369341685,22.56213031956725,157.46583289693282,631.4563810086396,0.12006417428399982,3.974584193427238,6.689369070355494,2541.8177767854086,89.99907116648757,220.59307892497657,110525471.57204841,109.60806998494364,1.505124807357788,0.2580749988555908,3.0,3.0,0.6665338277816772,1.0,0.36334508657455444,1.850439030310888,0.5239219665527344,0.5922779266724135,0.5633878707885742,9.639866828918457,0.9398374781056796,0.03939438110269473,0.666613531112671,10466.632230311068,1,0.0,25.05440710523905,4.076231002807617,0.029197273887320845,1
27.8884625,88.7102875,2023-09-20,11.157075738483838,51.442228730662926,182.6970076180879,307.5072877534543,694.884819867636,6.456191930721031,5.90346739365675,23.96338843331951,3000.261033567111,89.99877330438673,90.71976800909187,24635867.55921357,155.60419764158274,2.6037371158599854,1.154146432876587,3.0,5.0,0.7183972597122192,1.0,0.2802331745624542,8.424955470347054,0.38307246565818787,0.537036052223247,0.16024640202522278,14.029747009277344,0.75314049779944,0.15898541219781506,0.6873589038848877,8193.881533558146,2,0.0,52.032681663907525,5.336002826690674,0.03683604555758058,1
27.5127375,88.6521625,2022-07-19,34.20539876463166,89.57717692204632,184.66534369734913,230.7841018516914,622.6838239296869,9.364766461254225,8.743931463449881,16.87546888910604,4392.46385228772,89.9984288566261,207.45986579112494,-16068263.539407648,118.46394708979723,1.505124807357788,0.9305026531219482,4.0,3.0,0.16890625655651093,1.0,0.23321066796779633,31.149662298812913,0.40763169527053833,0.5184558371442367,0.3762992322444916,10.784887313842773,0.9718335146195491,0.9514262774799626,0.4675625026226044,1696.9039120840434,1,0.0,10.117241180194458,6.165671348571777,0.1162156830256453,1
27.3291125,88.2894625,2020-08-15,4.2562291606442235,57.41165710181838,97.33575156576389,289.50310736769575,683.9669990250914,1.428847559900883,5.364802378974916,25.263114437625546,2140.4054784904406,89.99854228046303,217.2050592941861,102623962.31102763,100.87110241571246,2.1982719898223877,0.2580749988555908,2.0,3.0,0.8138766884803772,1.0,0.25268810987472534,13.329187717525837,0.6600295901298523,0.6981725096838307,0.46805256605148315,8.551843643188477,0.9491191320015268,0.01064480178435123,0.7255506753921509,2304.349665195364,3,0.0,26.250222273996247,5.729223251342773,0.09536066000522903,1
28.0720875,88.3475875,2020-08-12,7.876374591765146,26.014371960901613,79.63056061139406,331.1184138445181,775.1337561707933,2.174733605505205,15.808580824892989,36.093998859833306,3697.4052574197094,89.99663929410201,272.30131739900474,-57691238.34612949,103.93124834838551,1.505124807357788,1.064070463180542,3.0,2.0,0.3429061472415924,1.0,0.2641204595565796,15.971925737614328,0.4939444065093994,0.6405885359744155,0.36552876234054565,7.992451190948486,0.7399613082627721,0.6588149123779171,0.5371624588966369,13594.166619405063,1,0.0,78.66473676990299,5.24603271484375,0.02467815970554356,1
27.3601875,88.8265375,2019-10-26,0.4402694387194012,3.914756124907579,24.2164151312917,61.053690291444205,211.24694519903537,0.1043229642284619,0.6572239759089559,1.2431351059924216,3317.893541574602,89.9982530367203,327.3428563303111,-65386887.473526835,196.69139398386338,1.505124807357788,1.290374994277954,3.0,1.0,0.6309859156608582,1.0,0.2467898428440094,40.09708861471709,0.44411489367485046,0.3504961677479963,0.6877466440200806,6.896712779998779,0.5395213405858439,0.3527389266409129,0.6523943662643433,3123.1969976118457,1,0.0,17.491156683450118,3.9540538787841797,0.07567988829433236,1
27.7133125,88.6870375,2019-07-05,14.068944711025148,72.98401187730225,204.28628725088313,459.31477972617046,763.8253945933898,6.3402025495682,18.870179353671706,18.554399483844843,3834.2110574912504,89.99544760849359,330.8906902634868,-93045959.84431142,198.09646282701047,1.505124807357788,0.7742249965667725,4.0,3.0,0.3370271623134613,1.0,0.26120710372924805,22.1604592195279,0.40061643719673157,0.5793737296973144,0.15466976165771484,8.306038856506348,0.5315767027431733,0.7528809403718338,0.5348108649253845,3262.792882439669,3,0.0,32.43600658659206,4.560043811798096,0.07386061466648391,1
27.4618875,88.63123750000001,2019-06-11,35.91079405924316,59.50018397952434,181.53519597539207,337.4284866258587,387.3634116524486,7.67100185510825,99.69502737115171,70.38054373636898,4879.064296992422,89.99619598297824,298.92685541591584,-232853499.78490585,203.24066879206657,1.505124807357788,0.8161048293113708,4.0,3.0,0.04349249601364136,1.0,0.23913262784481049,34.20383008908958,0.16411590576171875,0.26376231146985574,0.1693418025970459,9.452410697937012,0.6290768315287996,0.9900174202469644,0.4173969984054566,2374.885688114804,2,0.0,5.445921527467478,5.611812591552734,0.09335397661526217,1
27.3714875,88.7288875,2023-07-27,30.62264931039058,84.36237989901512,150.67203510496282,272.1366181776132,607.8080851971579,10.170081450352878,14.710361932677433,8.824395902504481,3457.5223192822455,89.99908743981243,290.6719125611168,-12817368.57888356,161.67972700159368,1.505124807357788,0.36497315764427185,3.0,2.0,0.5349135398864746,1.0,0.25055667757987976,42.02463773842655,0.5163364410400391,0.5768145627391587,0.517627477645874,8.41029167175293,0.6617459426112977,0.4646609538746831,0.6139654159545899,7191.676041009365,1,0.0,8.560114925975705,6.376151084899902,0.04179524542031531,1
27.3714875,88.5754375,2023-07-01,3.0704917961175813,42.484434255839524,100.50234706175095,243.13424670587509,546.2112219216291,0.5462524647691777,20.60904626894125,68.86564599255242,3293.658509597187,89.99183567346408,192.97578584956614,105592276.0405074,109.83984188654222,1.505124807357788,0.2580749988555908,2.0,3.0,0.6605297923088074,1.0,0.24642372131347656,40.59782051881791,0.5086124539375305,0.5437574895112313,0.22681747376918793,8.488511085510254,0.9936162614574877,0.3345215468001626,0.664211916923523,6648.430240658395,1,0.0,10.394591795559707,6.445193290710449,0.04446062871500431,1
27.5381625,88.84048750000001,2019-08-06,3.922332126774108,39.319955161391285,95.73610360037749,287.6585454995905,563.2720199561056,1.244948279771748,10.305499468458917,38.7534060148266,3792.734746658586,89.99789840180544,101.56507738541615,-148148227.57622156,203.7836480385116,1.505124807357788,0.36497315764427185,3.0,2.0,0.2759128212928772,1.0,0.2472832351922989,20.652840743163544,0.4082026779651642,0.49138399913947484,0.31699782609939575,7.847311496734619,0.8001202046019349,0.7262705688612314,0.5103651285171509,9838.15423105453,1,0.0,21.673037179555443,5.361500263214111,0.03190934463573648,1
27.5014375,88.47081250000001,2022-08-20,7.903938839496456,57.68054562707256,115.7769235170435,331.34304532013203,573.6618568866886,3.0493886988191337,23.539141250726665,33.66393501438179,2193.861318646593,89.99697030203235,71.34121461712681,35969510.983226836,170.7943243302002,2.6037371158599854,0.7742249965667725,2.0,3.0,0.7585800290107727,1.0,0.25655195116996765,23.911025684361764,0.7236936092376709,0.6854727471630744,0.40410032868385315,9.421172142028809,0.6700171124503376,0.01269468902990673,0.7034320116043091,6122.143486076325,3,0.0,20.97330866627641,3.5266456604003906,0.04464559057818221,1
27.9054125,88.5428875,2021-08-23,2.819951676488029,16.811871773854843,44.49057555971144,220.87730387353957,564.2371194238783,0.6762252216076283,35.70830469492736,31.228576845915867,2771.098003758748,89.9985225181209,101.29463774591807,13731393.681730635,167.77587412887877,1.505124807357788,0.2580749988555908,2.0,3.0,0.6684161424636841,1.0,0.37284761667251587,1.4717892489304814,0.44395893812179565,0.5132830817129965,0.26184651255607605,10.16657829284668,0.7989635921624916,0.0809377645229592,0.6673664569854737,6423.805497117866,2,0.0,55.019284592387066,3.8452587127685547,0.0432302048272364,1
27.5692375,88.6637875,2022-07-24,18.038071294028413,101.03768846343903,198.31627658464004,315.944159811988,631.106056160191,1.8549701667316152,4.2102581993501484,11.912468114341783,4430.747675709774,89.99886702124483,254.84818067667754,-184233252.60435295,168.25088813778632,1.505124807357788,0.2580749988555908,4.0,4.0,0.2038044035434723,1.0,0.2410571128129959,27.924260221575636,0.3648079037666321,0.49664783837647397,0.1768646389245987,10.056687355041504,0.8153443981554013,0.9569954310445213,0.48152176141738895,5357.510708871906,2,0.0,16.334534724085533,6.129388332366943,0.0521315620222768,1
27.9873375,88.2499375,2024-08-13,44.88418008660043,92.83297131309959,175.9010846183197,271.04602242693767,581.8750645503768,12.048615103681822,44.72889453314014,65.07819545053975,4057.2259764536007,89.99868622926903,151.72565396003682,-9291131.426001668,120.74341443207089,1.505124807357788,1.3159294128417969,4.0,1.0,0.1242990791797638,1.0,0.2821812331676483,9.494911481519617,0.4120122194290161,0.5022537390696882,0.28879469633102417,6.270890235900879,0.9701723840941042,0.8649959353631025,0.44971963167190554,12006.286182695374,1,0.0,74.87925392682196,6.490182399749756,0.028344491010748703,1
27.5861875,88.86838750000001,2022-05-21,6.347600515415093,9.373282639747153,29.562951514520112,48.17645722542117,98.30836014615376,1.059148780482622,2.197286629567119,6.93368968145648,3760.915713804186,89.99895850318204,294.57531516892345,-23373754.876359094,172.40679596457898,1.505124807357788,0.5770732164382935,3.0,2.0,0.31412944197654724,1.0,0.27037498354911804,14.71401363816687,0.41919928789138794,0.2834334790035704,0.431410551071167,8.885336875915527,0.6460277434972234,0.704687233954968,0.5256517767906189,14912.530461161063,2,0.0,27.187123330002244,5.548742294311523,0.023256505571942317,1
27.5212125,88.2034375,2023-07-25,19.783030011675436,38.53745799602801,108.20998763390322,276.3898800382558,555.2845799349612,3.4730634414689603,42.77208463495976,37.52835285531342,1538.9711427121163,89.99761384479123,102.60136096344212,60594501.76300766,265.7434654597925,3.7023494243621826,0.36497315764427185,2.0,3.0,0.843326985836029,1.0,0.2995913028717041,9.914947491047014,0.5704063177108765,0.5850205333062697,0.8205947875976562,8.9453125,0.8045416056429632,0.0014470750298392263,0.7373307943344116,7009.423536017881,1,0.0,46.49286869972911,5.231047630310059,0.0415639484591577,1
27.2528375,88.30341250000001,2018-08-12,35.86688958079319,105.32384343772421,201.59162817854747,400.1825461223571,693.5710196561253,11.092206787793492,25.414775547613438,42.19076876867263,2597.5767349036773,89.99878649490212,203.07701596776943,52945957.51897036,128.1304508673035,1.505124807357788,0.2580749988555908,2.0,3.0,0.7892020344734192,1.0,0.27352166175842285,13.009137530532536,0.613210916519165,0.6745128950477128,0.29404816031455994,8.236299514770508,0.9799947020453281,0.04706228756852861,0.7156808137893678,5384.935248599291,2,0.0,18.43805272252307,4.249610424041748,0.050181198089065945,1
27.6822375,88.0151125,2022-09-16,112.45334397934899,175.41603129957048,262.9776734093084,532.414241825178,770.5308433798028,26.323344775091456,21.920794557416478,121.36788454240346,3132.2175788109894,89.99855385551028,84.34961018861566,-94599274.87145153,220.4664245892967,1.505124807357788,0.5770732164382935,3.0,1.0,0.5455326437950134,1.0,0.30162137746810913,5.384156389371378,0.34777674078941345,0.5507640114784254,0.6038082838058472,6.882230281829834,0.7253854668308897,0.22689256428657056,0.6182130575180054,6315.4662016705715,2,0.0,67.15491051269659,3.803518295288086,0.04378986249487598,1
28.1088125,88.3824625,2018-07-15,27.08476940781054,75.82656292173901,136.58447940077068,353.5118513796346,660.2077224627441,7.871446362355105,25.782349592140612,60.613470285595014,3915.979595781171,89.99817893420439,273.5758576903996,81871188.7421183,153.94280827192512,1.505124807357788,0.5770732164382935,4.0,3.0,0.2008398473262787,1.0,0.24912500381469727,18.459269827046576,0.37142783403396606,0.5140481974800983,0.30001336336135864,9.387018203735352,0.7344075043401774,0.8000486821929934,0.4803359389305115,13839.262893371877,2,0.0,81.19624122279752,3.522611379623413,0.022736326857825298,1
27.5325125,88.7474875,2021-07-26,2.8467454634965295,72.26018813454881,186.5593027645937,298.5804114835032,601.4128923555055,1.06956329601787,7.0356755875932135,15.450051417858186,4442.733264340164,89.9981055610898,275.27231458849553,-30306036.69652644,121.01872680407956,1.505124807357788,0.7742249965667725,4.0,3.0,0.11773362755775452,1.0,0.26423680782318115,25.780998678211823,0.34611383080482483,0.4717300585763331,0.4876618981361389,8.532257080078125,0.7270276397677846,0.9586099683250286,0.44709345102310183,3087.024590699293,1,0.0,14.773777490316155,5.723647594451904,0.0779690857898258,1
27.8969375,88.3824625,2019-10-18,0.9579163314584053,18.451996187331712,36.85601158412368,65.47563353961097,463.13885663993904,0.20861767806593418,2.5969596752246633,4.427701281599625,3285.467248479448,89.99822006956977,356.1059903263422,63756532.55157028,106.06829921056993,1.505124807357788,1.290374994277954,3.0,5.0,0.6021085977554321,1.0,0.2602895498275757,13.201908667807588,0.403971791267395,0.44264095598583253,0.1939428746700287,11.718559265136719,0.5005771538890313,0.3284708844665928,0.6408434391021729,506.9684281970921,2,0.0,59.60430569205217,5.955024242401123,0.2038563428626104,1
27.2895625,88.2592375,2018-08-18,31.912491454984323,37.49258552339621,111.79898000245308,397.496990152219,667.1257950027884,10.801927601266804,29.12761418570283,45.989902019388,2348.3764868677804,89.99813618114932,60.087728625540194,-23725746.18555609,125.51749933682714,1.505124807357788,0.5161499977111816,2.0,3.0,0.7262786030769348,1.0,0.2929544150829315,9.669192713072473,0.6407884955406189,0.6788568051274959,0.6245319843292236,10.775123596191406,0.6253316508249163,0.02106721291662208,0.690511441230774,1937.1575281893956,2,0.0,21.340565298535463,5.904750347137451,0.10687399684067896,1
27.6878875,88.0662625,2019-07-24,21.755649368511392,53.919853168351445,115.46890956964111,268.3696281691138,656.5951454663827,4.274564912860458,16.5601146640542,18.763783268410158,3220.6869030861017,89.99925498192586,241.66803049345302,-92456010.3034227,160.55213168842,1.505124807357788,0.8161048293113708,3.0,1.0,0.5756628513336182,1.0,0.38918089866638184,0.4910552793844715,0.26811158657073975,0.45039149523253763,0.5729870200157166,5.526867866516113,0.8686448544859284,0.28271302723100933,0.6302651405334473,8588.751949034815,2,0.0,65.89138248382211,5.912564754486084,0.03602835217632325,1
27.6991875,88.69866250000001,2018-10-04,2.5915398263470286,12.809314341495485,114.68340342671634,312.1169023381541,679.8498980647717,0.3836335027236654,4.514016046719419,8.37970385714856,4004.6802065355773,89.99670829007812,338.22100457677874,-97941707.41750191,233.7256831276103,1.505124807357788,0.9305026531219482,3.0,4.0,0.23487050831317902,1.0,0.24978357553482056,21.07105505027573,0.3666178286075592,0.5202256961776835,0.39479994773864746,11.596977233886719,0.5178445231070964,0.8432045329281862,0.4939482033252716,1381.4649324689974,3,0.0,30.975682541873685,6.240630149841309,0.13101958748449904,1
27.1002875,88.6870375,2021-05-02,4.707632224147128,9.614066498229008,28.839504903872253,43.831749982181094,96.49501462341465,0.7799237903423172,9.91888264312935,7.505699175741568,1845.395116094699,89.99834210957974,245.415929399195,-100782186.55215327,211.8801617688512,1.505124807357788,0.36497315764427185,2.0,4.0,0.8641854524612427,1.0,0.2452894002199173,53.63076540507046,0.5034492611885071,0.3331467297695651,0.639991819858551,8.680839538574219,0.8540069974826526,0.004008388229000987,0.7456741809844971,9604.946790963037,1,0.0,35.883991092100345,4.425343990325928,0.03164766961286211,1
27.6850625,88.70563750000001,2024-08-15,48.567088211577236,117.06185051857432,235.70679577703027,335.0923227093875,664.2906023138631,12.06587334901402,4.030884802920236,8.845049915626745,3741.1139961310582,89.99865665612067,338.2555628132854,129106526.7958952,169.88859065970212,3.9900314807891846,0.8161048293113708,3.0,4.0,0.21233274042606354,1.0,0.23914164304733276,20.563074327677743,0.4987823963165283,0.5923449007735742,0.22066470980644226,11.450697898864746,0.5177886185759304,0.6907682355202492,0.48493309617042546,327.52483140244146,3,0.0,29.503573129041534,5.558145046234131,0.23039665418979385,1
27.7359125,88.83118750000001,2022-08-21,25.099384932703998,86.31613288575107,105.50115545249572,370.59463661800885,510.0446591041932,8.814792912909242,9.291737896411657,29.774041960718293,3827.1559145309484,89.99803433368133,99.09938638971005,117259284.07895228,120.68988256382701,1.505124807357788,0.2580749988555908,3.0,5.0,0.24492090940475464,1.0,0.28589576482772827,8.266298158128798,0.36949628591537476,0.4435994279284303,0.3580965995788574,13.51894474029541,0.7895368731294042,0.7484795747158867,0.4979683637619019,5426.556489034154,1,0.0,38.57445178432902,4.7834696769714355,0.05037324203368848,1
27.7359125,88.5103375,2021-06-23,37.94909874300796,127.43948249382461,221.0452990822884,387.85062559487005,647.7396165453534,19.243108448117194,27.534872650946568,43.12884679958559,3547.047277863668,89.99892000797435,43.45692572886708,-6469903.263596084,123.68156132671999,2.6037371158599854,0.7742249965667725,4.0,1.0,0.2959139049053192,1.0,0.3143928647041321,6.009376120159549,0.3636719882488251,0.5036415237290948,0.19013771414756775,4.7195963859558105,0.5685270843531081,0.5391259096785003,0.5183655619621277,10470.178907423111,1,0.0,38.00670517746388,4.1805338859558105,0.029286157356493293,1
27.5861875,88.87768750000001,2023-09-20,14.700643596144442,58.78017539043179,186.69976986359194,304.7059302895234,711.6707470468967,4.729909264111392,7.961866750349473,22.578382030565443,3600.2685353169095,89.99916357681566,333.9791297002321,-23190529.68197231,127.72002723755607,1.505124807357788,0.5770732164382935,3.0,2.0,0.29056861996650696,1.0,0.2617882192134857,14.472167332187658,0.46466097235679626,0.5937346976153162,0.3701358735561371,7.859794616699219,0.5253414231005403,0.582787867022718,0.5162274479866028,15653.288070133909,2,0.0,27.874700155225067,4.321132659912109,0.021276556898088356,1
28.0240625,88.0848625,2018-06-06,3.6437267231091126,19.645947390505242,102.69891995629717,134.4726053699189,202.70454319752318,0.8082087922694658,8.42627245507256,60.16127642309784,3610.1895714193442,89.99886423875651,243.42291747896147,65413993.91284873,147.9583597462973,4.549647331237793,0.0,3.0,3.0,0.23372922837734222,1.0,0.28083404898643494,9.172271401126967,0.4584706127643585,0.3551678730509742,0.7335589528083801,10.642330169677734,0.8618503508331884,0.5908060571227799,0.4934916913509369,5756.062367199118,3,0.0,87.88557565661641,4.314897537231445,0.04766086288323125,1
27.5099125,88.3592125,2020-05-03,0.44382476693428885,5.265274802918533,14.42794812750737,36.196280802714355,101.64388849783192,0.07534702578854777,1.0072628706022262,8.00761887334517,2285.609185182071,89.99907853366011,348.64550957979867,90891859.29525816,184.02865725173498,1.505124807357788,0.2580749988555908,2.0,5.0,0.7908639907836914,1.0,0.2555081248283386,23.76404899116055,0.4355228543281555,0.2947667338976762,0.35891252756118774,10.562849044799805,0.5048930342438227,0.017158243763387412,0.7163455963134766,7829.010352431366,2,0.0,31.588239453874664,6.186188220977783,0.03897498293797167,1
27.0861625,88.3196875,2021-10-18,2.3995816048609586,8.378409619014167,28.116835992127648,93.6901513972413,381.9732598152152,0.3208071878344382,3.657595936454944,6.944022112788506,4045.8871595815644,89.99783082209764,221.14787633397424,-47910295.344327286,83.47767165680327,1.505124807357788,0.7742249965667725,4.0,1.0,0.1776677668094635,1.0,0.23851066827774048,23.405540398914493,0.4275323748588562,0.4193250116353998,0.24770590662956238,7.140720367431641,0.9382534566883869,0.8605209877331386,0.47106710672378543,6135.623592308355,2,0.0,4.343477247444027,6.131904602050781,0.046988197143113856,1
27.4929625,88.7102875,2023-05-11,0.5040398424659032,32.911039848824856,44.73494649273968,67.05641591448163,118.75133052074342,0.1048857140462738,7.980558038774241,9.972721096207522,4869.536979582905,89.99909598041705,198.17475785871702,-30867785.208243355,101.15230806818525,1.505124807357788,0.7742249965667725,4.0,3.0,0.0,1.0,0.22963395714759827,31.507505481215816,0.21144291758537292,0.16821267002980483,0.4019760489463806,10.407905578613281,0.9875273902812284,0.9896986267245897,0.4,22.301092285392503,1,0.0,9.095195497292995,4.205125331878662,0.29660986036684583,1
27.2867375,88.2731875,2022-06-20,23.392555603710864,43.348993413042884,168.49312455981712,325.7935119713221,472.2534618514797,14.035533362226518,6.995568400710235,27.844604220513393,2050.235096096987,89.99892023916095,34.30438111040053,104719740.46682951,155.1910939858701,4.549647331237793,0.0,2.0,3.0,0.8376432657241821,1.0,0.2844988703727722,10.797524057316531,0.7599836587905884,0.6604538347524651,0.5531607270240784,9.111239433288574,0.5434861994566607,0.007903225582370648,0.7350573062896729,1076.6593363569539,4,0.0,21.327204695459614,5.907962799072266,0.1492002051369847,1
27.87457033486824,88.4081569489694,2021-01-11,1.7670262870747635,4.996476207858538,22.003694767416363,60.51376777052428,121.03413552416323,0.18422574054928859,8.965435032150893,8.767154548640411,2809.122496627704,89.99846421675988,30.779840010498617,-136437885.81372726,167.70546638880967,1.505124807357788,0.5161499977111816,3.0,5.0,0.63605797290802,1.0,0.28777337074279785,9.86400396605169,0.5179733037948608,0.35318425796343506,0.23820534348487854,12.788365364074707,0.5352149974417005,0.09088100239817594,0.6544231891632081,3797.53429874864,1,3544.4387231982537,56.237522112419015,3.9006259441375732,0.06540326176404143,0
27.78802587283708,88.08758493353551,2024-01-04,6.528080904824272,9.08802897585976,47.980782968388986,83.04965327819909,158.09056816421614,1.5241917902442184,4.355323982207766,3.8121959806244,2568.7036118109177,89.99891857869103,296.6124716448221,59657826.32471263,130.61813714848435,1.505124807357788,0.36497315764427185,3.0,3.0,0.8072531223297119,1.0,0.34453606605529785,4.039098822348492,0.5324212312698364,0.3789519884330319,0.6303378343582153,8.625935554504395,0.6380115727715654,0.04292935731425097,0.7229012489318848,9221.485071711168,0,6973.598733493376,69.83599810308273,4.054429054260254,0.03236407733467096,0
27.888252664962955,88.11914567838826,2023-11-17,16.16144965240066,27.700934372983546,38.7690607673844,72.91515987549589,131.82556611912253,2.5052158402485434,1.4762046486816074,3.286557576527921,2617.7859312473856,89.99884625828957,51.34263062085836,-104418432.72399609,164.21106632554944,1.505124807357788,0.36497315764427185,2.0,4.0,0.7176089882850647,1.0,0.35458827018737793,1.712482575656365,0.6133703589439392,0.4154019879405697,0.5931195616722107,12.177851676940918,0.5938345479459886,0.05017725424189416,0.6870435953140259,4228.662101421208,1,4221.6947669882875,74.57550161089766,4.397761821746826,0.060709394815970444,0
27.72756758569115,88.76516830034188,2021-02-25,0.6373403288007214,9.220856831705014,21.987440735461703,35.93215010844105,98.73213600984609,0.09213246264422524,1.4886977166813256,5.274113378977827,4009.8045989433335,89.9963601445117,86.85963314329581,-136934649.61686337,117.662343964294,1.505124807357788,1.064070463180542,4.0,5.0,0.2875330448150635,1.0,0.27663469314575195,14.562305805497736,0.35030385851860046,0.24229176455424947,0.22391925752162933,11.427878379821777,0.7363044242257755,0.84544964743318,0.5150132179260254,3232.2710236504813,0,6056.339967607459,35.38043780400152,3.901355504989624,0.07375574736660144,0
27.501058044674885,88.21133201125984,2018-08-24,44.90055807313819,87.30736308695357,166.34031180396585,323.02038208197575,672.6006061206347,22.582505203947054,5.277852802470619,32.60531830387716,2139.3042958466212,89.9992810251437,214.76134472258482,-247431303.3491248,192.696874435728,1.505124807357788,0.5161499977111816,1.0,4.0,0.8253058195114136,1.0,0.2808331549167633,9.578650623415745,0.3579150140285492,0.5116589619002965,0.8075416088104248,11.63105297088623,0.955383515225825,0.010606214160053772,0.7301223278045654,6687.94012908365,1,2372.4614531918255,44.25068692132648,4.966172695159912,0.04288396394532649,0
27.07211349939772,88.7696969899531,2021-11-18,2.6938222137649244,8.075505215586018,20.91788945051309,52.22919803714409,97.02851565901915,0.23243867165643825,2.419754289995803,11.736025198367303,1802.56717956259,89.99730495347015,173.3077542209429,-89507043.8099408,293.70321272646106,1.505124807357788,2.1898388862609863,2.0,3.0,0.843973696231842,1.0,0.24907812476158142,62.38501626365566,0.5070623159408569,0.33556073635327066,0.40568673610687256,8.876420974731445,0.998296607568482,0.003476975626815071,0.7375894784927368,5008.0125181928215,0,8762.408834833874,40.325982359157095,6.263079643249512,0.05500089584616443,0
27.40061434398675,88.90274916268727,2021-02-13,0.2126638026013857,1.7795328589220205,25.89682106377253,66.8542105975413,109.78388774964758,0.04708228911384416,9.0027821575135,9.206658713550711,2715.80914074074,89.99733678031437,165.26588546746075,-112577402.18919258,180.62071253486167,1.505124807357788,0.36497315764427185,3.0,1.0,0.5899966955184937,1.0,0.22394166886806488,34.7155344936249,0.614557147026062,0.40594335470278575,0.733376681804657,6.776978492736816,0.9917791227699073,0.06824475852125352,0.6359986782073975,6247.927964993521,3,2443.594273749111,23.711333386797886,5.521002769470215,0.04576878840556154,0
27.87957335169335,88.18101399830233,2024-04-01,1.1540754573195708,3.4814193666060236,16.105805335975738,55.97267450799396,107.44590378860376,0.23179471851212372,2.0065114921580722,6.890095856386225,2989.2233712319726,89.99906520331844,230.22714953236817,-11263437.814120717,138.37441207530486,1.505124807357788,1.154146432876587,3.0,2.0,0.6524859666824341,1.0,0.3103639483451843,4.553941855783303,0.5348038077354431,0.3570125336579189,0.28108587861061096,8.603748321533203,0.9099363943659343,0.15412746017329804,0.6609943866729737,1953.2697892901394,1,2501.7991377282465,69.61331847246011,5.002959251403809,0.10547833037991063,0
27.527394734211548,88.04073750218213,2021-10-29,1.6083503145118503,7.9343020700695055,24.10930271095396,45.254746031353825,208.85882823397034,0.2930042244704915,1.4972969848314621,6.109708245408597,2627.1531213317007,89.99845888691203,302.8585730298116,-106205140.6442775,70.81034961505354,1.505124807357788,0.9305026531219482,2.0,1.0,0.705790638923645,1.0,0.3894614279270172,2.480763990533817,0.3699502646923065,0.3048954399830925,0.8339735269546509,7.408461570739746,0.6143581920574396,0.05168644719465752,0.6823162555694581,7876.56069625078,0,10633.740784722386,49.991221078273,5.107022762298584,0.03778963360719275,0
27.77184531716397,88.69262880499427,2019-01-30,0.4785910895183943,4.464446419484698,16.888374246723398,40.444259693685865,98.5577572687921,0.05928363180189036,2.357538498955885,7.946338551339598,3543.6238956049883,89.98886526842469,242.5125400974921,-77204525.16188362,160.44108560383862,1.505124807357788,1.064070463180542,3.0,4.0,0.3189864754676819,1.0,0.26103147864341736,17.6058554785237,0.4218139052391052,0.2851173288898518,0.12940764427185059,12.061346054077148,0.8653886164183098,0.5362893242404217,0.5275945901870728,5412.495411030903,2,4251.979489544564,38.967281425344915,4.194494724273682,0.049928016854544455,0
28.093285997650657,88.30301758306848,2024-05-03,3.0671809411480235,7.763549039656899,31.8422356822748,59.0367807712012,102.73727321487887,0.7117283922189598,0.22467909111066386,1.4630435543603135,3562.469414117082,89.99826194270672,178.9385137739505,-12551098.519994088,136.80927782911587,4.500856876373291,0.0,3.0,1.0,0.3288015127182007,1.0,0.2733325958251953,11.075461292939664,0.5985315442085266,0.3930764690520395,0.3996398448944092,6.103127479553223,0.9999570976528727,0.5518705534757589,0.5315206050872803,9071.31840803518,1,4967.3750376740245,82.62110824267441,6.463074684143066,0.03504107852308313,0
27.530598066741664,88.17620836394839,2020-08-04,40.39262128872734,100.08061348482732,162.49163769974484,375.8848111958378,711.315571233893,11.193955030080044,60.83105135628674,50.47861381862701,1715.6831324336429,89.99363354419057,306.23035394259693,30723951.464672487,109.38504600711167,1.505124807357788,0.9305026531219482,2.0,2.0,0.7959511876106262,1.0,0.302844375371933,7.375350777087433,0.5036967992782593,0.6169923047601639,0.7622187733650208,8.70339298248291,0.6022417267202989,0.0026049774293409648,0.7183804750442505,9438.884184447017,1,2880.698309665377,47.6384494953264,6.038795471191406,0.033597758380526026,0
27.14681130102908,88.44240558139012,2020-04-23,3.780528849612686,11.25085514958413,34.65659225958598,61.81739297832329,112.99934159959916,1.168330854555514,0.7399798774325478,1.07840638470974,3483.0303463241858,89.99826724099708,215.4119247495484,-119277965.2290507,119.51862020859036,1.505124807357788,1.0949194431304932,3.0,1.0,0.6692177653312683,1.0,0.2417522817850113,29.136978312084103,0.35060256719589233,0.2490543157807502,0.15052933990955353,6.954308986663818,0.9537518036298996,0.48586239136088993,0.6676871061325074,15914.096617628094,0,6932.683671400527,18.230154879791396,4.806239128112793,0.021449797973082066,0
27.75688981399124,88.40655128455127,2019-08-03,6.505816947351512,33.666470477295164,123.37589683039923,284.94894858110223,539.7128287519182,1.0621931558381907,31.144384649579035,25.301136278777335,2789.7708079338404,89.9990195489303,5.285876127935012,-15202202.657603351,127.45542348330137,1.505124807357788,0.7299463152885437,3.0,3.0,0.6635422706604004,1.0,0.33453962206840515,4.48516735262679,0.4614870846271515,0.5124837101083357,0.37764471769332886,8.597773551940918,0.5010631404933921,0.08569022795450883,0.6654169082641602,983.6014426973106,0,7649.689637488477,45.01708991083998,5.997139930725098,0.15606038572765724,0
27.940926361545355,88.65124654486209,2018-09-06,2.443048278726848,25.5899801817647,174.9571184006209,307.9441012763043,657.4984869018427,1.1467491326453105,12.824852694024248,34.25996712413453,2593.7301016087595,89.99843785291237,208.00479293989355,-138343073.64709312,91.81767631220146,1.505124807357788,1.154146432876587,2.0,5.0,0.6454104781150818,1.0,0.39964836835861206,1.7276102749937166,0.44147154688835144,0.5548243008533466,0.134566992521286,10.570666313171387,0.9707270793153121,0.04649057697024665,0.6581641912460328,10877.534146753484,0,5393.522687136885,57.67767118799396,5.828756332397461,0.02992154332828015,0
27.940453575576576,88.74843085247203,2020-03-09,1.37702095450189,11.166978350147993,19.928799831864055,54.248111714254335,90.23597957128483,0.3747287707459427,3.186681087722438,6.71095188654862,2367.656456046261,89.99866002584439,140.95961490879063,78940167.22295287,113.85376493281926,1.505124807357788,0.9305026531219482,3.0,5.0,0.7819014191627502,1.0,0.30027490854263306,5.927148452369619,0.47000977396965027,0.31019492679455507,0.3368261456489563,12.170663833618164,0.9441755475494084,0.022434211932680484,0.7127605676651001,8658.314207000567,2,4020.4267355027873,58.211634600214076,4.373444080352783,0.03437205298578455,0
27.437850568304096,88.26814513665514,2019-09-05,72.77719554492751,142.60899618705668,225.08829582900128,422.38938060843464,766.4884495043907,26.559951921594166,60.37816113914455,90.8851614275188,2549.904962271316,89.99099104248064,118.11351619213565,-16606941.499957412,95.76272161163944,3.7023494243621826,1.0949194431304932,2.0,5.0,0.6731126308441162,1.0,0.25977763533592224,13.653809454277523,0.3422231376171112,0.5455665651213939,0.7639949321746826,11.203302383422852,0.8678049909130445,0.04042727372870388,0.6692450523376465,6761.489903991158,0,5938.439343745148,37.691511905567,3.5364551544189453,0.04118493284481844,0
27.15792030647852,88.18591462830186,2022-10-11,2.503994470845292,7.452788935467205,15.177149737784903,128.20467447284625,619.2462127897891,0.20255319575919614,3.9607743569101466,7.458763784068268,3764.530220559499,89.99932661812785,59.5335867136634,40037847.38568907,172.59479166726103,2.1982719898223877,1.064070463180542,3.0,4.0,0.23103730380535126,1.0,0.2984233796596527,10.387301081572277,0.45251286029815674,0.5437983170009313,0.3697877526283264,12.657464027404785,0.6232417025348959,0.7071883362587464,0.4924149215221405,1256.453816076931,1,3099.480237167484,6.477325863533365,4.5669474601745605,0.13644261600472246,0
27.00831936481864,88.731839671077,2023-06-18,22.538206363195727,40.1131578780862,127.03503495693413,267.43279237018663,374.10364124218825,5.14267168344541,3.008989613379046,36.60021006704844,1041.912415454817,89.99697140260884,295.7328855356207,196128297.39632446,154.96640900674694,3.114562749862671,0.2580749988555908,1.0,5.0,0.7906756401062012,1.0,0.25090014934539795,61.61437257674705,0.7605398893356323,0.6154982370688094,0.4549386501312256,10.611190795898438,0.6414559509793915,0.0002763336201322526,0.7162702560424805,2950.4278830876374,0,5188.228217777123,45.2441596724833,3.7821996212005615,0.07870217635481382,0
27.79683687784776,88.72607799885044,2022-08-27,3.544598825431437,18.951790298511863,72.26067161299117,212.3806047383656,519.7057651867568,1.0848040725891601,24.027606927830924,31.072607714353715,3115.281126255503,89.99871382329908,106.69195366916563,51989532.04120542,140.14391834637365,1.505124807357788,1.290374994277954,2.0,5.0,0.6477756500244141,1.0,0.25779086351394653,17.419203506073117,0.5386876463890076,0.549572174720194,0.23943829536437988,14.66161060333252,0.8218065013118058,0.21714260560378898,0.6591102600097657,1220.5364984766031,2,2564.2314876959504,42.092310199159385,4.208563327789307,0.13825992307092524,0
27.518574826358325,88.5289293122362,2018-04-06,14.688922603166613,19.18897368734767,32.401625067799344,57.582688784504825,104.82502704965341,2.363434997348044,3.2814431857541764,5.6681719300735,3665.3676250879585,89.9967501288096,180.69352877199623,-169725265.2930237,98.21573270798025,1.505124807357788,1.154146432876587,3.0,3.0,0.24955742061138153,1.0,0.27090153098106384,23.708923444043705,0.3675228953361511,0.25543463334804756,0.2675507068634033,8.646522521972656,0.9999816857806355,0.6344198503517692,0.49982296824455263,1280.5957175731949,0,6040.077383516923,17.07426975801067,5.704803466796875,0.1360931105573138,0
27.12941898309565,88.62161475446514,2018-12-24,4.430595914647713,7.883394924520567,21.229461422752635,69.88599669209383,138.05626219213326,1.09730017627294,0.3898657603422037,0.6917507117112855,1525.3783459163624,89.99853690068913,75.85694236051643,33857115.42313421,144.1508940786274,4.338338375091553,0.9305026531219482,1.0,3.0,0.8366615176200867,1.0,0.24331262707710266,46.478770813112206,0.6955781579017639,0.46760170148526387,0.4685715138912201,9.83471965789795,0.6889140501508974,0.0013830608918119418,0.7346646070480347,16430.914240607923,1,4689.697995723322,32.836648803026215,5.638899326324463,0.021698061436814395,0
27.53233871294174,88.52566957902751,2018-07-22,17.867843940711854,41.59216468450032,149.60260548556295,287.8874491937737,700.4049937218153,4.385592598676004,28.02554484277161,36.908975320719705,3448.6565417545485,89.9967441549117,168.28096831634093,35055105.53038397,115.29417721036332,2.8914191722869873,0.5161499977111816,3.0,3.0,0.6198725700378418,1.0,0.24031373858451843,22.180996921992005,0.4538883864879608,0.5820727821582914,0.37970325350761414,11.473767280578613,0.9947888494125908,0.4573179158294597,0.6479490280151368,2070.390277199867,0,6228.523009934199,18.310279417933547,4.297241687774658,0.10094733285170777,0
27.717231701600667,88.51482884261193,2023-05-10,22.68715635767737,41.34240032614582,50.142847190482094,70.86726922027486,120.34925455319305,5.144143159938037,0.5246876506042252,13.503567582236714,3720.535943783827,89.9983257453092,78.9552197543207,-11615266.920258686,119.63421695807362,1.505124807357788,1.4598926305770874,3.0,2.0,0.25004318356513977,1.0,0.29487767815589905,7.247725332733222,0.3244139552116394,0.2367326237384787,0.3255142569541931,7.537669658660889,0.7021059649400303,0.6759277731622891,0.500017273426056,11776.79713714584,1,2123.7297213454112,35.92786282905997,4.189651966094971,0.026619918064214546,0
27.63190409164232,88.28267359119823,2022-03-21,4.630907979654556,15.117283763552344,24.36915451880306,60.23704653901644,113.16933206774745,0.8792881465075615,15.416517622345266,7.824373769041082,1310.9772919767647,89.99720062784749,266.7602105669828,-35511339.351231486,118.05875336716366,1.505124807357788,0.7742249965667725,1.0,4.0,0.8020057678222656,1.0,0.2545090615749359,17.281497361189828,0.6203453540802002,0.4109784267243943,0.5086463689804077,10.62818431854248,0.764128716317235,0.0006772840011467998,0.7208023071289062,6369.643721712801,0,6704.288839314533,44.218793594745705,6.371490478515625,0.04587590127454971,0
27.49349064983257,88.19956374572216,2018-03-20,3.114249157945718,8.876811811354834,23.4199983758457,41.74253050521122,86.49142366132064,0.23456668777180797,4.232177719487235,11.982976184992642,1889.4138950103486,89.99489863760476,57.08529033090912,49172107.824602135,200.37200180811737,1.505124807357788,0.36497315764427185,2.0,3.0,0.847602903842926,1.0,0.2919977009296417,8.20695959179535,0.4604433476924896,0.3027272181420854,0.8038358092308044,7.5696940422058105,0.6141525026332694,0.00463893678571305,0.7390411615371705,7993.745756273828,1,3106.1142346267716,43.41623988705023,6.333046913146973,0.03848914157982641,0
27.46163736740884,88.7936648581394,2018-03-30,0.5095761572890456,11.347456337987671,22.923421145925087,50.69810629148124,87.37772250052154,0.05569190719167365,2.825634775810657,8.214313798841646,3419.754879490682,89.99876784500289,357.5257424321973,44981726.72899837,107.91812939116016,1.505124807357788,1.548449993133545,2.0,1.0,0.6034538745880127,1.0,0.24167509377002716,30.26153133571303,0.5648844242095947,0.3658008295062359,0.3442141115665436,6.189270496368408,0.5002330703725836,0.43352493839646705,0.6413815498352051,6546.736242005048,1,3759.7724243328303,13.54119673555998,6.142448902130127,0.04470770776048581,0
27.33176094627635,88.61558235869602,2019-08-21,5.2430160689936836,46.38380176899766,104.35931040621062,335.2128282639371,616.3685494889654,2.353613954487264,0.8789307580084915,58.05753362014711,3213.6750898160476,89.98658777669364,123.1213505919884,-115377722.43618672,137.032873127481,1.505124807357788,0.7742249965667725,3.0,2.0,0.5977426171302795,1.0,0.2344106137752533,44.771217852948645,0.4822823703289032,0.5603321809576457,0.4166373014450073,8.266045570373535,0.8866035222563651,0.2779975227543295,0.6390970468521119,921.8223603017979,1,3625.462816186464,11.13975490713702,4.049576759338379,0.15911146000453769,0
27.629446332145644,88.72902533446897,2024-12-21,3.4103691143627315,7.635062881963396,14.935773813346186,37.82500202803572,93.35971088809961,0.8685844371625959,10.196380768821355,7.277182285539349,3600.927920849344,89.99890866744309,136.9345195336606,141854741.13506645,278.7797200651501,4.449563980102539,0.0,3.0,4.0,0.3664294481277466,1.0,0.24779726564884186,20.2716552576433,0.6508396863937378,0.4201342596365314,0.4119050204753876,10.645325660705566,0.9326434506330968,0.5833221931334777,0.5465717792510987,1427.9163544031655,0,6599.296507934483,23.911055853967284,5.212082862854004,0.1276531783843624,0
27.45921715342728,88.75703895773941,2022-08-25,11.326584587111054,31.16983370125055,119.12632410701087,253.73223401065562,497.9438484166048,3.5587627077858186,2.761782056198142,7.557301248883158,4184.538742692014,89.99847869270856,25.965173493483235,-19088927.850504708,236.61147550621587,1.505124807357788,0.5161499977111816,3.0,2.0,0.08994438499212265,1.0,0.25096315145492554,32.06546948544755,0.35461753606796265,0.4290884930185256,0.3817054033279419,7.943723201751709,0.5252349153653175,0.9073581119204859,0.43597775399684907,5047.466511731918,0,5945.73456729281,10.074803766234433,5.329869270324707,0.05380749693928828,0
27.188679399495705,88.02112222801449,2018-09-29,41.3073810435396,77.96441227905385,192.47428529803292,446.4299051355601,849.098173666872,8.886375015909584,33.589330394156185,33.3321104213709,2943.946676196977,89.99812125080253,121.87190688031063,-36970374.52398583,93.82822667262118,1.505124807357788,0.8161048293113708,3.0,5.0,0.6862079501152039,1.0,0.26605597138404846,16.411579860896904,0.6306596994400024,0.7567471613437853,0.5309737324714661,13.235654830932617,0.8820055013992232,0.13546118287314657,0.6744831800460815,3430.37602509847,0,10096.461745797573,20.802920541002074,4.211970806121826,0.07087494823413597,0
27.816266066173988,88.4295458241338,2018-08-19,17.766638233032932,50.933166879686155,111.2927316261357,412.6964308429362,647.810407646375,4.143996712099428,4.649032899414247,14.8030643674887,2502.3396581015268,89.99848875150406,165.6554809853909,150064160.14450857,179.06464860981157,4.800961494445801,0.0,2.0,3.0,0.7070354223251343,1.0,0.29970666766166687,5.200312467510936,0.6062092781066895,0.649196562827925,0.4012683033943176,9.74542236328125,0.9922058799608254,0.03470551967513117,0.6828141689300538,3873.0083229369134,0,5041.6517039279415,49.51060470744319,6.125364780426025,0.06650315379715108,0
27.18223711030797,88.46597164084613,2024-07-25,2.0871899157506846,88.33233100008697,239.11318143939098,341.61416326290345,679.2164038769972,1.2523139494504107,21.707116406452073,37.11233565924748,3784.8870588988166,89.9987766451445,239.84700331721973,-124494058.02027714,152.07286150632692,1.505124807357788,0.5770732164382935,3.0,2.0,0.2046661376953125,1.0,0.23504142463207245,30.05909559263699,0.21268290281295776,0.427572427062927,0.21104712784290314,8.024203300476074,0.875577689670612,0.721039460494808,0.48186645507812503,11497.908723769862,0,6344.054781632063,22.272964520382956,6.27564811706543,0.029083278959817556,0
27.78684202383784,88.41492533628386,2019-01-25,2.459834737998891,7.301770631459894,22.854730200720006,54.52441867998407,95.18392709399035,0.3518402558393494,4.714849393281081,9.937311203817393,2138.696089685219,89.99831438409193,85.32383886302159,55171955.06877272,512.9366129408239,4.144182205200195,0.36497315764427185,2.0,3.0,0.8660610318183899,1.0,0.31442973017692566,5.407117817158364,0.7391982674598694,0.4739911575549339,0.2071581929922104,9.4599609375,0.729619041507175,0.010584960765712432,0.746424412727356,1820.146558638157,0,5759.750898798182,47.37193219070072,4.327495574951172,0.10964546234797737,0
27.430553985489023,88.28040624290753,2022-10-14,0.1191599125945539,8.027805464922762,17.48491743243293,103.33851831491799,552.810142832295,0.026507466864059564,1.4540856221987657,7.289657288899588,2739.9427210160256,89.9986219222743,342.99732574564547,-2940847.991977451,97.33997253604866,1.505124807357788,1.389776349067688,3.0,4.0,0.6480188369750977,1.0,0.27676695585250854,14.577864763709904,0.28570619225502014,0.4130586768997464,0.6230344772338867,9.46302318572998,0.5109272228486194,0.07354116727148113,0.6592075347900391,7447.1247756354,0,5106.684701184829,37.10483125739634,4.865846157073975,0.03928357452900387,0
27.40884824992533,88.08151442496397,2022-05-31,2.2058398090846816,9.87914176132045,26.43139827009613,58.42387980900034,97.04024969446061,0.4280045713229821,16.092113656473174,86.15487375984051,1891.9359785706147,89.99842014380243,77.52783624500569,77722947.47374186,100.47721902443956,1.505124807357788,0.5161499977111816,1.0,1.0,0.7734853625297546,1.0,0.3268999755382538,5.6644063016872845,0.6355642080307007,0.41266728605083636,0.8326098918914795,7.089313507080078,0.6960086823762344,0.0046779172613988455,0.7093941450119019,6166.2716102755985,1,4148.7369204254655,36.22548289129442,6.326626300811768,0.046989431619249566,0
27.133346669396182,88.89456482803105,2020-07-25,33.95378444725692,95.05911609498408,124.59526197928759,368.54754600140643,584.2319986478749,16.06851661694941,43.52783688299986,143.12325601948578,2825.6550832807193,89.99845330547998,121.15475388362785,-39455086.84188599,101.64236541944976,2.1982719898223877,0.5161499977111816,2.0,1.0,0.7195389270782471,1.0,0.23848649859428406,64.44534863425955,0.4063081443309784,0.4999188556552372,0.44738703966140747,8.579157829284668,0.8793378430367735,0.09553798519138472,0.6878155708312989,543.9874776758293,0,11529.307828774323,39.40556312916222,3.9349191188812256,0.19720511706914906,0
27.790669061206145,88.24725906415736,2024-05-11,11.401134622812199,16.723801519672996,27.959840715854135,69.20734731127499,112.70065946804048,3.39513390832057,3.9537301374543614,6.384743189919384,2204.5470969545336,89.99917641848619,284.90223398469857,47906636.90689928,205.31822986193643,4.144182205200195,0.9305026531219482,2.0,3.0,0.831445038318634,1.0,0.2854202389717102,13.070918000409309,0.6133531928062439,0.40656687005536285,0.22659216821193695,10.20506763458252,0.6857073819155163,0.013148961226616887,0.7325780153274537,5182.848900015461,1,2831.6160976672436,57.98228461432917,5.2386980056762695,0.05263650369536559,0
27.810085913749663,88.41790619699373,2023-02-27,1.467887460088513,3.068433180205666,13.84741806445004,29.479288390461214,97.88493853414397,0.47863436623457956,2.488193362696576,4.933689324144689,2768.4507060460774,89.99825444779329,235.7165643425135,-27939563.454671316,170.40100471785868,1.505124807357788,1.290374994277954,3.0,3.0,0.6487988233566284,1.0,0.29828187823295593,5.816144139504727,0.4981342554092407,0.33059907980251635,0.297347754240036,9.911568641662598,0.8908217996153771,0.080283773458246,0.6595195293426515,4409.677162467812,0,5777.063945764051,49.455527817678146,3.8718812465667725,0.05830058941321464,0
27.108921787233456,88.83942022878578,2019-11-27,0.5278428346381644,4.423850967263441,10.500568329151447,36.00879819712492,97.19000657447668,0.06440353040643151,1.9604008211487267,3.6645273354304444,2213.647726507678,89.99879679722974,207.08446093550705,-76507374.35945198,188.29892327311074,1.505124807357788,0.7299463152885437,2.0,1.0,0.6656332015991211,1.0,0.24051515758037567,67.52067477709925,0.5161342620849609,0.3410784208986272,0.4491017758846283,7.322208881378174,0.9725840798049583,0.013548465368977053,0.6662532806396485,6572.331893236354,0,10336.248577625569,38.934471551598186,5.8556132316589355,0.044306659911960575,0
27.34573098529024,88.53867419911597,2021-10-29,1.802788322837488,9.902631489673055,27.28731480104392,48.984594257356164,209.7821706394744,0.2663799712398632,0.9407959962005843,4.460573083900479,3038.8057999720118,89.99845701180763,202.08016632035242,47561155.120211825,123.97410950633422,1.505124807357788,1.6524863243103027,3.0,3.0,0.7929703593254089,1.0,0.25115087628364563,37.762910489866734,0.5172213912010193,0.39368417437926995,0.16452275216579437,9.08326530456543,0.9816647025702926,0.17692607942707259,0.7171881437301636,5488.974099158768,1,4624.293838749338,15.005272830945799,5.285937309265137,0.050391371355667215,0
27.81299314022456,88.40184652699085,2019-03-28,1.1020222832173012,7.675942976553824,21.323867813739977,44.985149258856005,79.59649934893308,0.17454975324982314,0.5451947770153855,5.320630176201557,2570.8738630746993,89.99643029692889,337.87363497654906,-7879320.259687781,68.43812301719102,1.505124807357788,0.8161048293113708,2.0,4.0,0.703568696975708,1.0,0.30844342708587646,7.390915759686314,0.5714388489723206,0.36614298946842755,0.3551328480243683,9.97670841217041,0.518411147310762,0.043227568294460825,0.6814274787902832,4784.327453642774,0,7376.055844896249,50.527028110301465,5.065699100494385,0.055818623936876186,0
27.70885898999376,88.54321111108885,2018-08-31,98.37438173686209,114.58545316756829,172.62221025383658,342.9282873055757,770.4296046187916,33.763465767005464,2.3820730896956177,43.93715241238699,3779.530225808107,89.99848352300954,167.68751049144282,33538793.954657566,149.27811064626368,2.1982719898223877,0.9305026531219482,3.0,2.0,0.0,2.0,0.280563622713089,10.143792533847506,0.3397456109523773,0.5458986189084001,0.3769080340862274,9.380439758300781,0.9942497785525338,0.7174337189533095,0.175,12238.31181666501,1,4418.104751932102,34.004514825678804,48.22845458984375,0.06674543770525436,0
27.095422082888074,88.38670088401867,2022-07-20,13.324130217840192,89.2698768973517,189.327951883457,244.60645005447145,599.3569636449129,1.7532550375760596,8.351281059825444,90.14523206751214,3753.931974145151,89.99861656981993,104.72395361727234,174243899.25033832,136.2906089510647,2.1982719898223877,1.389776349067688,3.0,1.0,0.19563058018684387,1.0,0.2474157065153122,27.36951326498201,0.3703204393386841,0.48530535516511164,0.19730974733829498,7.6646833419799805,0.8135405768830355,0.6998198003110052,0.47825223207473755,12248.039608496005,0,6713.433610429992,10.942821109954826,4.625540733337402,0.026189972774987427,0
27.04702401646394,88.4594114618974,2019-04-27,6.209646388208511,9.2299342241793,21.014735814705432,88.37639801462251,143.01985571376866,1.7717616615176128,2.0921151179184427,9.874658395371704,2491.2180663791974,89.99765119810904,44.02645052224631,-89448022.3521143,100.452020849192,1.505124807357788,1.064070463180542,2.0,1.0,0.6944873929023743,1.0,0.234562486410141,36.352274870934814,0.6155455112457275,0.42187246770142356,0.21366243064403534,6.901945114135742,0.5702452411094348,0.033484766841953714,0.6777949571609497,16679.88670606986,0,9324.600903958384,17.92062736854711,4.512855052947998,0.020408780499829433,0
27.163312333418634,88.09616475998197,2020-04-23,5.2963724314008225,13.543761924628395,39.783090486438184,66.86038858027275,119.48151529929146,1.8413908378222896,0.7164188431041465,0.609125412420937,4093.435955267025,89.99700400918215,201.8110999760349,-184095329.36936373,111.5160850498055,1.505124807357788,0.9305026531219482,3.0,5.0,0.22621676325798035,1.0,0.3013632595539093,12.246493881168767,0.2690267562866211,0.20309990289118127,0.5127224326133728,12.959863662719727,0.9821034659868925,0.8784805943868956,0.49048670530319216,4672.460636948312,1,2342.1172959046744,12.94132696750138,6.381887912750244,0.05806513833214272,0
27.664038366560813,88.1586514607393,2020-02-06,2.4369448671774485,4.484222702364683,21.974809644688012,61.62545115064498,113.83311837404953,0.9668942772151718,20.945299222097326,13.426332792182173,1822.839875804267,89.9968971186234,23.15398802824933,84175316.04480317,237.74291782807347,3.7023494243621826,1.4598926305770874,1.0,2.0,0.787962794303894,1.0,0.30318209528923035,7.9674645318229995,0.5851172804832458,0.39014787391631056,0.5545366406440735,7.724819183349609,0.5201371495020684,0.0037191511148425486,0.7151851177215577,14113.486619359814,1,4537.301758532142,56.59151510813283,6.216922283172607,0.02487448474903756,0
27.656599087861444,88.3225889182174,2024-06-22,3.6166698506371966,35.68643791907194,120.33490165177417,266.326519657241,393.7321765145083,0.49233622531765053,12.697938718107219,26.701708478781587,1222.3744262174519,89.99777261304969,230.75756583007885,138109523.46295494,144.36551134667465,3.296884298324585,0.5161499977111816,1.0,4.0,0.7829192876815796,1.0,0.26102277636528015,12.495845362764156,0.7395707368850708,0.6119739534856306,0.4961375892162323,10.463659286499023,0.9081507663867169,0.0005041737804413572,0.7131677150726319,7574.63764602192,0,10261.477557698909,42.546786725234846,4.080737113952637,0.038025495256055475,0
28.083171910962832,88.4485421963569,2021-04-08,4.113500352994176,11.582589838130835,27.431855035710214,45.8947263385336,80.97503853614172,0.8572995123064479,1.9595177340114038,4.169731867533048,3700.029617312306,89.9985172254523,155.72997087227566,-123204041.85427,193.02394004509904,1.505124807357788,0.2580749988555908,3.0,5.0,0.3806273639202118,1.0,0.2680405378341675,16.088647385411374,0.3024524748325348,0.20538726522463613,0.2008938491344452,11.508475303649902,0.9779046027864361,0.660778498212667,0.5522509455680847,8381.66290816558,0,7081.20187058455,76.47315468678055,4.329265594482422,0.03524693124398802,0
27.093484899912355,88.45259224767949,2023-06-24,6.234331811972759,37.0285011509962,118.7456207030655,297.27182327537435,481.51766153925155,2.175993916864743,22.29338306409721,20.46234820710057,2881.639107466934,89.99585528604344,318.7368541340445,-40055153.53840677,142.7160354279045,1.505124807357788,0.8161048293113708,3.0,1.0,0.6337648034095764,1.0,0.23720350861549377,32.804694682855946,0.5224875807762146,0.5222309736737074,0.32555729150772095,7.658205032348633,0.5620778729296538,0.11292526813949276,0.6535059213638306,18099.24853758358,0,6029.370039436242,17.283207456751505,5.19671630859375,0.019783574810010522,0
27.55449890362061,88.87217860312674,2019-02-16,0.32080821370956136,8.288315310367594,24.596476897012117,42.553296446345904,84.62862625580901,0.06290889387855066,0.33131007056887796,1.2623166122295484,3135.8055205061514,89.99867011817223,125.81739389153682,170959065.0652694,291.1123919020985,3.114562749862671,0.5161499977111816,2.0,1.0,0.5719772577285767,1.0,0.24735239148139954,18.027350291460348,0.6205558776855469,0.3979351843109849,0.44305235147476196,7.581876277923584,0.8963009678328816,0.22899731131701612,0.6287909030914307,13428.998247893669,3,3543.370336328158,25.268793565270688,5.424537658691406,0.025079426463558964,0
27.53504302319436,88.24828736667547,2022-01-01,2.387510537124975,14.047182952063473,29.470783060809257,59.177426329568604,103.85257826723996,0.6725524272193282,0.9072805348408922,6.994434021423632,1809.641792185219,89.99855588523825,17.54399539944069,-1154374.6787532815,97.69826112502281,1.505124807357788,0.7742249965667725,2.0,5.0,0.834689736366272,1.0,0.2660408616065979,14.354315151522798,0.46298328042030334,0.31226214671992775,0.5645658373832703,11.754557609558105,0.5116285579309218,0.0035596489130154158,0.7338758945465088,2364.0069296136794,1,4682.226714826974,42.86219200856361,3.7988972663879395,0.09195592428974622,0
27.37467296699708,88.48422533429853,2023-12-13,0.5959693064796769,14.432745898376597,38.612220878621116,69.59717538152277,144.47761285711422,0.1487986075295639,0.8118980403541518,3.4031988667418642,3209.541006236311,89.99868550554866,139.77762500282142,-167878482.0997219,403.4561237420537,1.505124807357788,0.5161499977111816,3.0,4.0,0.5581544637680054,1.0,0.24506217241287231,33.033851484697415,0.3663070499897003,0.2730020447812743,0.37975260615348816,11.272807121276855,0.9408859769902285,0.2752400948251574,0.6232617855072022,616.445916854424,0,9013.670746655713,18.502081908626995,5.541615009307861,0.189989164577082,0
27.02442165026477,88.76845148950076,2021-01-26,1.2851533789780507,7.605287692861197,21.89860248146132,52.51944004919884,114.130538631936,0.13170738102925675,2.1638706555549563,4.021437644870666,1643.3713201443948,89.9859500497551,80.44370789518871,-87330927.61949468,316.71171899670514,1.505124807357788,1.6524863243103027,2.0,4.0,0.8508853912353516,1.0,0.24202537536621094,64.16625629860918,0.5243163704872131,0.35380456674309413,0.2549642026424408,10.572649002075195,0.7084958663846909,0.0020481618872408864,0.7403541564941407,8.231262396122359,0,8113.803745840953,45.44038165831411,6.221127510070801,0.3025793551755825,0
27.626060842199124,88.10097543925596,2022-08-30,33.854283001188804,73.58250302575948,95.31457112238645,230.61051971538836,584.2996921759585,8.63485292717348,32.22138914630782,45.593574097782934,2605.833514552682,89.99883945575785,322.77418134182204,3738020.2241673023,159.1640942838386,2.1982719898223877,1.154146432876587,2.0,1.0,0.7089167237281799,1.0,0.35304129123687744,1.7226506369072097,0.3725734353065491,0.4797092661095816,0.6628718972206116,7.448914051055908,0.5509356519124737,0.04831210673731277,0.683566689491272,8485.180503034613,1,3848.6957078451896,59.103408479442386,5.76861047744751,0.036236142055916465,0
27.31779417573808,88.61326305026347,2022-09-15,28.88755710347827,121.64369301276416,249.2542368082472,415.6211230494108,676.8683206317952,9.811628932943474,40.13457572053061,99.49144267580219,2663.3565262299635,89.99522820503712,238.63964423848626,60300835.56971375,229.2870841952687,4.213174819946289,0.9305026531219482,2.0,2.0,0.688897967338562,1.0,0.24480287730693817,44.26056763945924,0.6531851291656494,0.6907902852847424,0.5013352036476135,8.399286270141602,0.8801047290438498,0.05793178009426315,0.6755591869354248,272.845981597657,2,3945.922734428947,12.650098137462232,3.9435598850250244,0.2386033590381919,0
27.121747268930164,88.85189101597798,2024-10-28,1.8033199622596983,7.219565522517232,38.37897566572008,58.914550513558794,195.79925893621296,0.6610925864946661,1.6884200016474273,7.058338402213854,2740.8617990317894,89.99824918431037,245.94434273089803,-164895289.52743247,237.40533006231115,1.505124807357788,0.8161048293113708,2.0,1.0,0.7180151343345642,1.0,0.23530346155166626,65.98042267178077,0.3608129620552063,0.2933869727859094,0.4092055559158325,6.019892692565918,0.8519059678661557,0.07375017156285261,0.6872060537338257,4931.584428646987,0,11054.200761458142,38.24656705940816,3.832552433013916,0.05338455567079983,0
27.04227618847908,88.51601279653408,2019-08-12,33.7958798081965,93.13992258125266,232.3892160115455,380.54122637049386,687.4512760840457,5.8458101990276505,29.88420237025154,27.51071559313185,2215.8449656116063,89.98978859437935,27.388924907873616,-30778026.520872165,71.674501429135,1.505124807357788,0.9305026531219482,2.0,1.0,0.8560556173324585,1.0,0.23934197425842285,41.17972300051693,0.5640043616294861,0.6421651248290834,0.28642699122428894,7.647546768188477,0.5280239190735061,0.013646701230246855,0.7424222469329834,21967.084248240568,1,4756.396026892649,23.54663864235305,3.938887357711792,0.015968884255492564,0
27.41914218076456,88.77170446111315,2021-03-21,4.713721486728668,12.937940438423315,20.947431443456985,36.31551405659894,76.56358696297747,0.2470946284046891,1.9436831878693788,4.567579176828584,3698.8432291290683,89.9976742948318,283.3364775097117,-66843623.30243364,81.53538114475253,1.505124807357788,0.8161048293113708,3.0,2.0,0.1996433287858963,1.0,0.240184485912323,35.457416256255144,0.4528757631778717,0.2936056592429861,0.43752849102020264,7.95825719833374,0.6923326831426606,0.6598915046113945,0.47985733151435855,7682.7494508847385,0,6778.442571572265,10.657547785931369,3.996365547180176,0.03751141913853249,0
27.358366948889667,88.88619643741487,2023-08-28,73.666607031465,113.38956620688124,151.84185273787125,350.34509205121196,554.5418536697556,23.624605991165133,106.68679127548745,50.55504141205686,2657.484584556532,89.99764370210289,253.11839864836324,218646000.55384442,307.52740546649716,3.903020143508911,1.0949194431304932,3.0,1.0,0.7535959482192993,1.0,0.2436428666114807,39.483886424886585,0.6510536074638367,0.6330661904910153,0.6754627227783203,7.188735485076904,0.8225987323789032,0.05687275970912514,0.7014383792877198,2642.2158343238325,1,3033.351211140817,23.08164325993237,3.7071197032928467,0.08505867331072169,0
27.32873715709833,88.4790031301855,2024-05-03,2.882854599038781,6.635573875825644,34.112051864526116,62.353668548588004,107.59580758135867,0.2809999703045477,0.2580312480010164,1.4828913670960764,2863.5764415661124,89.99758832494828,73.4389830812134,-11011160.425584543,109.23562503291593,1.505124807357788,0.7742249965667725,2.0,4.0,0.6428849697113037,1.0,0.2250705063343048,31.57605465123469,0.5278915166854858,0.35293432923322066,0.4008267819881439,10.353504180908203,0.6787409312933137,0.10703305414741915,0.6571539878845215,623.7314770334991,0,5350.192366269796,21.005768184275578,6.0476250648498535,0.18962687717476528,0
28.057729234155328,88.15308527035128,2019-10-17,13.673378589900782,19.970378429136982,34.28905603704057,68.33717207980544,385.26130284922044,2.2073106918567955,0.8216700352869651,5.134828074725768,4284.173001711411,89.99657300093783,285.76052902500805,-29432156.564449873,105.30022478535638,2.8914191722869873,0.5770732164382935,4.0,2.0,0.07904905080795288,1.0,0.33202165365219116,2.6197492247832352,0.36355751752853394,0.3824573010880156,0.5186828374862671,7.131790637969971,0.6820956720056388,0.9317514563306594,0.4316196203231812,1196.0408272004365,1,4740.478740497629,86.7055531475766,3.7035276889801025,0.13929737419041194,0
27.05074899991333,88.40464026580283,2024-10-13,2.287002363622241,8.280674727650421,23.02838504318686,147.0719299678438,395.548416168366,0.7379150313393988,3.823534524138543,4.706659896659246,3064.0283667114763,89.99871008833098,302.6128166357754,45091244.584564775,268.04924680535663,4.144182205200195,0.2580749988555908,3.0,1.0,0.6422711610794067,1.0,0.26000475883483887,31.997994700184982,0.5851919651031494,0.5201847590695721,0.34219685196876526,7.0052409172058105,0.6152601945492807,0.18950361537936422,0.6569084644317628,11806.240280490632,0,9287.6954067183,12.495908587033714,3.510939121246338,0.025934916523277073,0
28.00759531086805,88.69620545809497,2024-12-11,2.3109046270686338,13.941275484741507,17.446452932026368,45.16604504435491,115.1596996884308,0.5419790540491566,3.6034029059484487,5.360924820068259,1428.9285919145425,89.99858219551827,100.409422629814,162503247.70841214,235.755617476868,3.114562749862671,1.064070463180542,1.0,4.0,0.6925206184387207,1.0,0.3369673788547516,3.1949706085393674,0.6922845244407654,0.45506034557561187,0.24473842978477478,12.326604843139648,0.7951702242385884,0.001003185292173994,0.6770082473754884,7954.714479104469,2,3593.609173484088,65.15589182314682,6.222476482391357,0.03853173360485404,0
28.006595514692734,88.83090537491901,2018-10-24,0.33477827532796006,3.5910678818443933,25.628417402417575,46.67535928237298,251.9340467808761,0.08406287195919776,0.40807060053942373,10.230083704642125,2279.062526510539,89.99160913446721,356.2646244135527,-75439996.13446064,75.82528357773374,1.505124807357788,1.8248658180236816,3.0,5.0,0.7679228186607361,1.0,0.3465183973312378,5.401092668468007,0.4797227084636688,0.39063513255375193,0.5501282811164856,11.444209098815918,0.5005311038748355,0.016794089209341695,0.7071691274642945,130.5752958800506,0,5644.552093337734,67.01696582325997,3.5436172485351562,0.26789085112479516,0
27.74767722737957,88.34750168785256,2021-08-19,9.823184038514189,17.67012488164895,83.15028528200027,384.0391064567398,623.2525995479061,2.264957145901592,8.318625029248812,14.635813672572894,2201.4793628343773,89.99769146997627,265.2400527033234,133972900.0522065,137.39012655642352,3.8077099323272705,0.9305026531219482,2.0,3.0,0.793670117855072,1.0,0.2703363001346588,9.125817275825682,0.5640047192573547,0.6125421020423826,0.43215397000312805,10.251002311706543,0.770745305767087,0.013016929287290672,0.7174680471420288,1456.560332590505,0,10938.880208966868,47.753206623159045,4.149548053741455,0.12522454468570618,0
27.29658038299284,88.87123622999643,2024-08-19,22.025920717114204,36.81253920510875,145.1557636283817,313.42893667724275,579.9894128115234,5.325995731066113,14.352082433742872,22.879777999993905,3594.6814369755216,89.99899093432039,254.57043015162625,19028280.031205144,129.3272095632195,1.505124807357788,0.8161048293113708,3.0,1.0,0.2794504463672638,1.0,0.24332718551158905,46.44685014262606,0.2907216548919678,0.42860930283052107,0.5668079257011414,6.863655090332031,0.816513410816577,0.5782527339148784,0.5117801785469055,3283.748850127142,1,2812.7603405845643,24.804334111866073,6.167355060577393,0.07501069685599582,0
27.13871646362498,88.77293478507617,2019-09-08,8.234369261298955,85.81193623691887,239.09259910923473,429.23931425237015,721.0549209905776,4.940621556779373,5.623691740479754,78.89858019424348,2217.5889035519276,89.99846159471103,118.45163145405354,-139822650.47004208,146.04198795330592,1.505124807357788,1.064070463180542,2.0,1.0,0.6913960576057434,1.0,0.2437448650598526,60.73578542759583,0.46911945939064026,0.6007399353649748,0.47116634249687195,6.744314670562744,0.8691041753422655,0.013725170266852047,0.6765584230422974,12156.724825094103,0,8042.7987616798,33.330899059355446,5.864619731903076,0.027499146077036237,0
27.17321127778568,88.1667195265867,2020-07-27,61.280301631582695,137.5084599406094,201.21060233600173,461.93470368507036,680.2319353791398,22.129689041681583,20.605130248846155,45.62604419909847,3893.500693950499,89.99686582307625,49.84768068992872,-133019533.02018124,129.206957062608,1.505124807357788,0.7742249965667725,4.0,4.0,0.21401545405387878,1.0,0.2878078818321228,8.608203094014707,0.37306809425354004,0.5242721392934707,0.45812150835990906,10.841031074523926,0.5887945388307113,0.7877923025818563,0.48560618162155156,2321.825571752205,2,2183.9745584053185,8.804145616483773,5.896660327911377,0.09503869364485901,0
27.988255106146333,88.18268423911455,2022-03-13,0.3203182723849328,6.0017173191373505,31.345838166582208,62.04863767310308,114.08362981871439,0.06675573240691124,2.2003510351432634,4.337739521719795,3561.4411625577713,89.9994248660983,152.21781097387463,180906025.34761333,178.18700065303645,2.1982719898223877,0.2580749988555908,3.0,2.0,0.3034626245498657,1.0,0.34203749895095825,3.492556777974091,0.5582433938980103,0.3741391356251629,0.5863256454467773,6.427606582641602,0.9711814783718491,0.5510227491669896,0.5213850498199463,9422.53204487318,0,6588.052465133994,78.75937735222635,6.1068220138549805,0.03370609330703263,0
27.350665750377107,88.7229864995643,2020-03-29,0.29030930442894154,1.4291449277500434,16.055272817557977,41.93612025527354,87.07091638738383,0.04823786438822898,3.746401637245641,12.84607469367238,3554.6429788377613,89.99723495628622,174.64509019619595,-168180581.3072806,128.62617192933106,1.505124807357788,0.36497315764427185,3.0,2.0,0.4169602394104004,1.0,0.22886604070663452,44.36835993494696,0.42904749512672424,0.2841571023107742,0.6554924845695496,8.250107765197754,0.9989089292376662,0.545410339972091,0.5667840957641602,7033.057661109817,1,2387.4865892870407,9.883117459044497,5.397873401641846,0.041608851704208055,0
27.565837540408648,88.13382467737266,2024-10-19,0.3803273257665159,8.540741503793871,17.819157338716323,46.399823225702576,291.29676643206625,0.13388579144053653,1.3214982099584238,2.2876395416812003,1614.190912696585,89.99805187968686,49.164886550634094,23492401.81134469,197.00729036973692,3.296884298324585,0.9305026531219482,2.0,1.0,0.8105854988098145,1.0,0.3290846049785614,3.837333031391623,0.6125993728637695,0.48852429670456293,0.8500890731811523,5.5728302001953125,0.5865288994700504,0.0018586763268730426,0.7242341995239259,12831.889003719665,1,3590.232398188535,51.97296023130501,4.008060455322266,0.02466003611419729,0
27.015748005110268,88.21358010789893,2019-12-15,0.6731371269426494,5.491414897448667,20.16140343294065,62.25882974712878,93.98019453178816,0.10877889872436909,6.034869739635562,7.767838430285051,4639.319559242535,89.9981628811291,67.15619402933305,-135565028.87693363,164.48368246418764,1.505124807357788,0.2580749988555908,4.0,3.0,0.18935878574848175,1.0,0.23663155734539032,26.42725312586179,0.32614192366600037,0.22560191217400538,0.4029911160469055,8.59498405456543,0.6529449271607007,0.9780701326504686,0.4757435142993927,6181.243235625444,1,2709.0132588346128,8.878403295623695,3.6249685287475586,0.0443903497876277,0
27.76575430118253,88.11330422930453,2018-12-03,5.648940872426744,15.634229930879856,39.59958480999749,61.97917608690374,95.39060429049256,1.1406894124032994,4.2086494444601135,3.7933193844572464,2651.8022679936003,89.99857388983673,37.23488912836143,50158695.12699666,94.62087541737719,1.505124807357788,0.7742249965667725,2.0,2.0,0.7243804335594177,1.0,0.3787069618701935,3.6207241800246144,0.46765825152397156,0.3111625151875482,0.5758030414581299,8.141114234924316,0.5509595970664191,0.05586528086518838,0.6897521734237672,7895.300093914855,0,6539.1487507421525,66.34036666414697,6.446475028991699,0.038963760503835904,0
27.656661768419617,88.18579135604385,2024-01-19,2.200843323150774,17.504043885752854,29.826326746291695,75.36929640302982,149.4697469117807,0.41694962555139664,13.039720397954968,14.33280117206967,1719.1864602831845,89.9965245575384,40.639756295469454,-6079244.074977847,62.62396425702486,1.505124807357788,1.5698089599609375,2.0,2.0,0.8881675004959106,1.0,0.2639560103416443,10.627375944900331,0.5537310838699341,0.38775998879604634,0.6565939784049988,10.043426513671875,0.5602951083721932,0.002635495400653224,0.7552670001983643,11663.525911926286,0,7309.768429236178,53.851384300021586,5.526675701141357,0.02807300742391244,0
28.048145682637355,88.3697477202572,2023-08-18,23.026546534873777,95.97358478558766,190.7934014128021,277.6910695724849,549.9128171813664,8.152004758211707,21.80304892560097,46.78907664429896,3526.280927041648,89.99794826956983,25.822287978884276,-46713127.500012584,143.20025986545267,1.505124807357788,1.0322999954223633,3.0,4.0,0.34922152757644653,1.0,0.2783959209918976,19.01466310486527,0.5139018297195435,0.5486391445056394,0.1943853795528412,10.341442108154297,0.5249626502516358,0.521886777180951,0.5396886110305786,10551.797251039241,2,3437.3870806089512,75.36426226456375,5.451041221618652,0.030282588273182254,0
27.340072021712466,88.45438316217692,2021-07-23,50.013496291938324,84.35030941906987,173.49930813945065,300.17012652867965,577.3634306409917,26.365240865268323,31.30379748743562,81.00086910659934,2655.9318645445337,89.98387055360276,29.99753879664968,-100831875.03187372,121.0943787101721,1.505124807357788,0.5770732164382935,2.0,4.0,0.8569945693016052,1.0,0.24545735120773315,29.643049547305296,0.5725725889205933,0.5965081545747616,0.3904086649417877,9.711665153503418,0.5334882797408906,0.05659577831163756,0.7427978277206422,2854.6109023145877,0,5656.682951049952,22.609174341890135,5.374237537384033,0.08207006409043018,0
28.079854280463078,88.26639499100031,2022-08-22,11.211429112761866,39.838396801095925,102.66131072128432,362.3550106255579,507.5549477611285,4.602202451544411,17.284661689749527,17.27469450887738,3643.3371697492776,89.99862045925303,241.05803972996944,167837730.777005,91.9009577906305,1.505124807357788,0.7742249965667725,3.0,1.0,0.4170569181442261,1.0,0.29275378584861755,8.428462598933832,0.6039665937423706,0.5831327834888669,0.3798743486404419,5.561502456665039,0.8709808488877897,0.6172260135108931,0.5668227672576904,5585.102765927208,1,3207.379851307805,82.91349472890724,5.791881561279297,0.05018686759038816,0
28.04503352512259,88.02311932698922,2022-03-06,2.3503765496278777,3.1952439370749826,20.99119796569411,51.232130678790334,105.5000662890382,0.18390392021009774,1.1436605195446397,16.023599415909768,3222.844519996146,89.99771799957261,80.67318608091534,-32367992.35380602,110.82882596776562,1.505124807357788,0.5770732164382935,3.0,2.0,0.6111943125724792,1.0,0.3221195638179779,6.95851652926124,0.550010621547699,0.36523875287334806,0.6312158703804016,7.120911121368408,0.7094835892114246,0.28417375468603684,0.6444777250289917,2347.9227366503715,1,3600.426526981814,93.64899266691424,3.5092179775238037,0.09211503974360749,0
27.716391876199623,88.09848458548821,2021-11-20,5.169376687723522,10.430607915126004,22.64332212156657,53.778882573372925,102.8805400603025,0.6743036869665496,4.3287399823002355,7.596675985202108,2791.7558314552703,89.99922605825896,298.3193799282216,31416140.354375973,219.99884905150142,1.505124807357788,0.9305026531219482,3.0,1.0,0.6739203929901123,1.0,0.38946059346199036,2.2258537906869442,0.40031737089157104,0.27421407277618803,0.6889697313308716,7.538769245147705,0.6314035005718017,0.08621005596258771,0.669568157196045,12751.774038755957,5,3482.2387720816596,64.60618611841349,5.036890983581543,0.025742923730083585,0
27.158583744682225,88.38977631696416,2018-01-17,0.242775036651845,6.381082858291769,16.987921415703358,35.91893713641017,43.01283289481782,0.03884991003002411,2.335267681485385,3.809636937375666,3450.053105888433,89.9976509409213,184.89759419446247,-49225390.710709795,73.75933699638725,1.505124807357788,0.7299463152885437,3.0,1.0,0.6452094316482544,1.0,0.2655006945133209,23.8531706246399,0.4427807927131653,0.2720673305391561,0.22132274508476257,6.296066761016846,0.9990872204758057,0.4584734661050091,0.6580837726593018,12200.027026199425,0,10628.447076658747,14.71249399193445,4.8917999267578125,0.02651988761178692,0
27.67352808515484,88.8677115960882,2024-10-05,1.6455104467326223,13.34035751289703,108.21927060112782,223.79985066082625,539.4808933316816,0.3640492180262878,3.601466843983202,9.342400639868641,4416.908908346489,89.99865428763134,359.304020016594,-202802907.33569574,336.13096373596113,1.505124807357788,0.5770732164382935,4.0,4.0,0.14178618788719177,1.0,0.29929524660110474,6.1746207633349215,0.18338294327259064,0.34551420318272463,0.2653314471244812,9.707592964172363,0.5000184439062805,0.9550564430031044,0.45671447515487673,13003.052215590642,1,3895.6723805573465,34.41419391735527,5.2324018478393555,0.02553322905392506,0
27.908927834642657,88.43466488944642,2022-06-10,7.609875924273817,46.09109353015395,120.0524025808268,242.49198742433467,290.50261686088845,2.9022954428696064,17.78350390062426,35.00617057155611,2423.1795433631733,89.99897326044402,79.27483247081784,135473037.5096629,133.69750019358239,1.505124807357788,1.154146432876587,2.0,5.0,0.722219705581665,1.0,0.28940510749816895,9.148342404514937,0.6492595076560974,0.5101539326231728,0.3271859586238861,12.702715873718262,0.7034754459322675,0.026872764921245504,0.6888878822326661,5813.170836344301,0,5300.233273816875,58.62296081237888,5.336682319641113,0.04823864210046979,0
27.020155565894,88.10150391699213,2023-06-29,36.22728047851321,64.19009028936529,97.21211616734746,247.25633031629775,543.7234180962619,14.893109727062269,2.053321721749588,5.266905834948533,3492.789222184448,89.99902623868692,237.38250124177665,15962215.186984826,177.71161659107077,1.505124807357788,0.2580749988555908,3.0,4.0,0.5209169983863831,1.0,0.24988627433776855,26.54114043616973,0.4974767565727234,0.5359281221437266,0.38640549778938293,11.558501243591309,0.8847570135148124,0.49399130776560257,0.6083667993545533,8619.258997930981,0,6911.290938528326,14.017011885699665,4.87471342086792,0.03496420909095487,0
27.93725433481749,88.74103989214241,2021-03-29,0.2830288390153846,4.258348087006721,14.307764744994639,33.747901463508676,65.28365805082177,0.03257240726152601,1.7293944052529142,2.732535085062789,2489.312408660631,89.99749573768003,335.67107163661416,-157961532.38499486,120.13108672259897,1.505124807357788,1.389776349067688,2.0,5.0,0.7836369276046753,1.0,0.3005910813808441,5.7938769747247845,0.43367695808410645,0.27688147120057494,0.3591010570526123,10.692173957824707,0.5222011527855935,0.03327979552696173,0.7134547710418702,9245.624120019134,2,4629.374296790963,57.759253231040795,4.418859481811523,0.032633748809289105,0
27.59976963737693,88.56359471325102,2019-08-18,34.2988182446859,48.745600229471336,116.23812281287849,316.1625266563201,609.2563210019475,9.521541456653223,21.5997616692821,40.33672263511218,3609.719432679216,89.99681936838813,332.90527960426886,99347694.84163116,108.2507418827617,1.505124807357788,0.9305026531219482,3.0,3.0,0.27117612957954407,1.0,0.26384738087654114,18.130340829679103,0.5071533918380737,0.5719729936139604,0.31528255343437195,10.080726623535156,0.5274363055774216,0.5904271431350008,0.5084704518318176,2118.828661801902,0,10441.85963516732,22.065627473430432,4.801111221313477,0.0998983042852956,0
27.980545017766893,88.56088965632502,2020-01-11,1.5145191319107307,9.729066686114018,29.10344748182017,60.68610261416656,121.03375065552738,0.6007715734092256,0.6269648339524658,14.111766454033951,2659.8246877450097,89.9981478555445,57.047369186811125,-127999246.16143109,341.19685792365834,1.505124807357788,0.9305026531219482,3.0,4.0,0.7156921029090881,1.0,0.3571884334087372,1.2727636100767075,0.38693326711654663,0.2745600583662598,0.2055521458387375,11.238587379455566,0.61401363012105,0.0572926055874602,0.6862768411636353,3081.262670294961,0,8539.460619446512,62.891071152386274,5.058319091796875,0.07745414192100719,0
27.422827969050115,88.39607034032737,2020-11-20,2.1836339177179123,8.299982577354678,29.57864718083556,53.79538455659214,113.92051302997245,0.3437013197238056,2.280877080750238,5.975644330112071,2083.5634161765815,89.9985005557685,286.3087445519393,-42887937.74917377,135.22084042160122,1.505124807357788,0.5161499977111816,1.0,4.0,0.8665316104888916,1.0,0.25553181767463684,25.68084103231461,0.6260452270507812,0.41474496843015674,0.2949083745479584,10.066842079162598,0.6797967019227854,0.008823663766220168,0.7466126441955567,8593.448515400562,0,6391.8566900702435,26.423839229486926,4.986051082611084,0.03515163031332538,0
27.73668205890537,88.80676628752967,2019-12-02,7.543127400929933,16.823527603797338,22.871528193129716,42.183838609611215,101.04054344440513,1.6608366411581807,11.013651400437823,19.541481008920496,3452.1400375440826,89.99832990724917,285.516404515037,43449261.47906008,120.75769857714977,4.213174819946289,0.5770732164382935,3.0,5.0,0.5223924517631531,1.0,0.2683902084827423,10.63093415274439,0.5370994210243225,0.35543427201219,0.3666853606700897,10.876057624816895,0.6831214337865303,0.4602010718644361,0.6089569807052613,3871.6135262402977,1,2405.0222531378927,37.68727683804083,6.4516377449035645,0.06682412506331248,0
27.280058706135037,88.22009599758775,2021-03-06,0.20258554367502596,11.331939401821645,18.647555573148434,45.62334634419147,113.11127101175022,0.019335467030967057,1.0376884632566372,2.7875518438269435,2923.3803112966266,89.99797660879418,120.26815470825255,69121076.40626253,98.81792379315681,1.505124807357788,0.8161048293113708,2.0,3.0,0.6390460729598999,1.0,0.31566986441612244,5.793093409950624,0.4557763636112213,0.31221024129190883,0.7178311347961426,10.565459251403809,0.8760119165451365,0.12763139887124728,0.65561842918396,3849.7876737972188,2,2395.7218612153665,19.71133592151296,4.102224349975586,0.06491694952212373,0
27.842996136675094,88.75940894998425,2024-09-17,10.826660798749952,31.056478066726545,104.09569682199773,337.4264200041998,535.3605556277164,3.4721389005715184,38.88975121879959,61.11719269829963,2794.8606634290486,89.99540880495415,197.66701728743962,-21591155.651460372,145.5669093770728,3.903020143508911,0.5770732164382935,2.0,5.0,0.751518726348877,1.0,0.27454647421836853,15.223077520425415,0.52934330701828,0.5511891713046266,0.19053496420383453,13.193568229675293,0.988209085533903,0.0870288621451183,0.7006074905395508,4842.266890836556,0,5536.295433421294,47.71418572311181,3.9822192192077637,0.05429692998841945,0
27.075211508359352,88.55282330729351,2018-09-27,14.160840892253741,73.67929101911014,178.5727967505501,474.8755590007567,780.3769370166026,8.496504535352244,34.421063953127536,69.34516136682888,2447.3233697695728,89.99802298068734,323.55518469564083,-73142535.27633451,142.7070777062359,1.505124807357788,0.5770732164382935,2.0,2.0,0.808495283126831,1.0,0.23400907218456268,42.432536776575695,0.4221314787864685,0.5999201437125583,0.3156088590621948,6.987192153930664,0.5488926515006418,0.02905943331095783,0.7233981132507324,19778.9647506457,1,4263.651581778504,27.004845443616748,5.764020919799805,0.019041267090779423,0
27.16517576593775,88.7669376971244,2020-03-25,0.7285164110418647,5.664641057872742,16.854309752873803,37.24933659927521,91.10262894431118,0.10347982910224045,8.185557807862997,9.722917253369241,2162.447500568558,89.99875332841964,78.76429385438172,149352752.45230433,105.27354209890203,3.114562749862671,0.2580749988555908,1.0,1.0,0.8291580677032471,1.0,0.23444055020809174,59.610092279107775,0.5349907875061035,0.34958343350426735,0.5295354127883911,6.725006103515625,0.7012885913213335,0.011447070604937772,0.7316632270812988,13293.178079827045,0,5260.178865617412,30.35740089961668,3.8285796642303467,0.02379319032775829,0
27.16257528425739,88.85650253941334,2020-03-04,0.737814552051371,5.266151798050725,25.836810423277242,43.02388566851279,95.47159875971859,0.057494731092897475,4.923321813689544,8.828159539084844,2411.5983698173827,89.99571730938666,271.66503953466287,108985359.09791647,275.37804009817995,4.144182205200195,0.36497315764427185,2.0,1.0,0.768420398235321,1.0,0.24349504709243774,61.417931126856324,0.5802081823348999,0.3787298470050906,0.44654688239097595,7.810842990875244,0.7427359170163323,0.025881477253476916,0.7073681592941284,4411.740536228062,0,12326.442262849285,34.596962240219625,4.617250442504883,0.058972435419779236,0
27.187050846690862,88.26478967657428,2022-01-15,6.069267230243312,6.691795569955784,27.740344462166483,49.12870956061353,105.31332878094207,0.521330649058541,3.008971180353909,3.383640408683203,3124.9441268547193,89.99180522003448,56.20758946707332,-113753705.16991478,105.20764835681308,1.505124807357788,0.7299463152885437,3.0,4.0,0.6228592991828918,1.0,0.27718842029571533,11.586383412594484,0.5776833295822144,0.3817562112833857,0.4150598347187042,11.130579948425293,0.610953615642626,0.2226679007939729,0.6491437196731568,421.86148495395065,0,5483.684765310761,10.300523380422167,5.386752128601074,0.21524384853240336,0
27.13050377194185,88.01966765519289,2019-01-28,1.5011806085682478,9.266486892202314,21.30650088931903,48.94777121728687,96.28210941506369,0.2028511434523684,2.2616183907658605,4.742455507957248,3267.148503405277,89.99919213095916,338.54401747154725,-18293038.18009511,138.72431145798748,1.505124807357788,0.7299463152885437,2.0,5.0,0.3947630226612091,2.0,0.25065043568611145,20.113091580307504,0.5023491382598877,0.3323884150226538,0.18250639736652374,10.6019287109375,0.5173252855297089,0.3151455679176735,0.2440835289657116,501.18864905291395,0,9510.105722590843,18.895430952306135,66.21701049804688,0.26065003074010235,0
27.06259681235561,88.16241656797034,2023-10-26,4.728096840578614,10.183910097727619,30.032864318357326,47.22732367643755,207.427283867091,0.26512158927534885,1.4011240858110339,9.701165142257395,3993.611308157606,89.99387778888736,80.35168501599287,74822083.75719243,134.02394958839108,1.505124807357788,2.0156302452087402,3.0,4.0,0.1672034114599228,1.0,0.2637476921081543,20.91385995254253,0.45096248388290405,0.3528422130425978,0.40097758173942566,10.460273742675781,0.7080999665114651,0.8382644496876891,0.4668813645839691,4959.774807750424,1,3748.380527551043,6.3828273177798565,3.7814137935638428,0.053097777389597076,0
27.6679925122054,88.63306450992354,2018-05-17,4.143376537902034,9.667046285202058,37.772084387214406,56.96460898361119,94.02291350808677,0.47490018932188544,1.3730714131761976,1.6638114696444781,3226.9085949869254,89.9977608737733,20.362054295751932,47013952.96198302,251.2846066296586,3.9900314807891846,1.064070463180542,2.0,3.0,0.6497253775596619,1.0,0.2636910378932953,20.089678834526083,0.662708044052124,0.4275612962508934,0.39619168639183044,9.943854331970215,0.5156218411651351,0.2869374936511739,0.6598901510238648,4530.6097938757475,0,7323.620835316985,27.483018731946107,5.914690971374512,0.058987237753199064,0
27.444802416220192,88.2957317201654,2024-11-21,2.6385264410782514,6.512101542733564,20.324903042184037,52.068786349759435,111.69959104410286,0.5733295653059891,0.2077868705585422,16.825714547607603,2421.0037130252663,89.99823312227716,40.16339104523206,23407871.278290544,99.81167342450479,1.505124807357788,0.36497315764427185,3.0,5.0,0.7740273475646973,1.0,0.2631312906742096,16.479976735104593,0.40184617042541504,0.2792007329683204,0.5182821154594421,13.537055969238281,0.5589479285456588,0.026683749980816674,0.7096109390258789,6042.734369375794,1,4309.346905037878,36.40941240954372,4.030616283416748,0.04558908681366159,0
27.049126820074456,88.16879352092477,2021-07-13,2.9049057249911856,22.731127604220408,116.05766431003181,253.66323267283005,569.8312865270793,1.09226390247402,17.96531199168592,42.766359833258655,4112.396497762338,89.99917923096667,205.10704009461793,-90727302.76923081,162.96363787855938,1.505124807357788,0.5770732164382935,4.0,4.0,0.12335516512393951,1.0,0.2452780157327652,22.39289905450719,0.42689594626426697,0.5056266067890206,0.5173940658569336,11.957362174987793,0.976379167397846,0.8850677792738507,0.44934206604957583,6493.7501536128075,1,4599.774570183713,7.153365801776121,4.879936218261719,0.043814991715573064,0
27.267521704347967,88.23193044552396,2022-07-01,48.1901085338479,85.63821616686354,225.4579127857137,376.1947959738656,737.0474973158102,12.949370702791198,3.2600301598736587,28.539839317202425,2805.540113968682,89.99807013868373,343.57416037511564,78082467.37787193,183.7479272311859,1.505124807357788,0.2580749988555908,2.0,3.0,0.6477909684181213,1.0,0.2959917187690735,6.234445961601271,0.5249361991882324,0.6416094442122249,0.4598676264286041,7.550345420837402,0.5102033638017222,0.08989920271425611,0.6591163873672485,2355.4721629986743,3,3285.4441190974144,18.432957013521108,5.799732208251953,0.0940429864035768,0
27.470376541044608,88.04580633153266,2021-12-31,1.0991462080222272,13.77858579988786,27.364635546854878,61.60192706741027,109.99861598467592,0.18339407692594994,1.4158194115618645,1.8081405614353683,2171.506359806477,89.99829309403842,303.98354018350915,15289712.302679125,115.12931374170937,2.6037371158599854,1.5048229694366455,2.0,1.0,0.8030673265457153,1.0,0.3696991801261902,3.9240171950106135,0.5222479104995728,0.3506568949770257,0.9167308211326599,6.147105693817139,0.6102613209624655,0.011793861499569966,0.7212269306182861,8349.534924361433,0,11785.196139370497,43.87383706286533,6.459969997406006,0.03733778968087185,0
27.42218397645932,88.4870902423074,2024-04-02,2.1956396127359157,4.405306787289863,14.64174277685994,48.3411443206117,111.73385124665678,0.3234372807824509,4.658965933905647,4.977460509463911,2709.079430789369,89.99867219962354,88.23580540962422,-136880659.47326145,122.91204797252527,1.505124807357788,0.5161499977111816,2.0,4.0,0.741451621055603,1.0,0.2595873177051544,32.867536657154844,0.5491501688957214,0.36759894075820865,0.2526010274887085,9.949975967407227,0.7423034652352869,0.06683208380820804,0.6965806484222412,3653.4628709556096,1,4817.1335464014755,17.440145973074856,4.628078937530518,0.06801559218230556,0
27.941808165781072,88.04832453581255,2018-09-17,73.63654015580005,103.77369426900827,226.192291386693,359.55380778179375,722.6155169771181,25.999886373525857,36.7526753791666,76.17477237566804,2857.925295229265,89.9984687292007,26.211043968306342,-33029689.248001706,179.20912889166027,1.505124807357788,0.5770732164382935,2.0,5.0,0.6625439524650574,1.0,0.33261504769325256,4.483158258166694,0.543840229511261,0.646292504265588,0.6293800473213196,10.757417678833008,0.5257066872100509,0.10524593758146197,0.665017580986023,4970.970694305448,0,8411.482755337327,83.72087469440216,3.980844736099243,0.053188808378093186,0
28.04507131199041,88.09217522166928,2023-11-10,15.055743108891905,22.532546486399802,40.75817148352213,66.20731814764478,112.8197394841242,5.432886144215674,2.053519884748668,4.4113400156524385,3857.4814060004733,89.99724320249071,182.00382290644026,126895133.66505799,146.65060907362937,3.4510350227355957,0.9305026531219482,3.0,3.0,0.1860940158367157,1.0,0.27998533844947815,8.161685897490495,0.4142085909843445,0.28713505613204066,0.7699628472328186,8.064066886901855,0.9998471240549197,0.7670279383089336,0.4744376063346863,3814.138656484722,3,2443.8435126371323,89.21777831226069,4.556117057800293,0.0657970114319131,0
28.019998052638208,88.91100073294554,2023-11-27,2.5858281103720318,28.204808942223778,37.66549428955809,71.95890399778732,124.97453239394657,0.31855397973835353,4.406070445664705,14.706397176044673,2479.7259703504033,89.99677190421039,140.85335508887397,175406125.53070349,199.36986279843995,3.903020143508911,0.9305026531219482,2.0,5.0,0.763188362121582,1.0,0.33743447065353394,2.479408861688223,0.5132459402084351,0.3521660597201156,0.3837389349937439,11.755687713623047,0.9438831780469272,0.03226692988177039,0.7052753448486329,1839.7975911160609,0,13265.81675586853,70.77167384620903,6.297700881958008,0.11074109805014228,0
27.90628924470916,88.72491411291735,2022-05-24,0.01771013865759095,5.623321022136949,18.31798360335536,46.989156437788935,99.15750754439271,0.0031122232401219817,1.1584190405243833,5.916887279760235,2652.8981916351977,89.99337872689641,171.69099327891115,18171855.00961545,204.0615979006933,3.584566354751587,1.8788143396377563,2.0,5.0,0.6967306137084961,1.0,0.31684356927871704,7.565124725359001,0.4614495635032654,0.3091754670108474,0.20754744112491608,11.771358489990234,0.9973757711225717,0.05605827304417296,0.6786922454833985,10133.121245088058,2,2448.54983629916,54.148649165716826,4.556227207183838,0.030427291368550546,0
27.880265880673285,88.12513355382423,2022-07-01,45.507457248546814,73.1251475610274,213.93751205116365,354.2854454785394,682.4791589821195,17.469475522428212,1.2776703695602414,37.70321388824876,2565.533055483888,89.99806426081247,70.4382033719952,55709420.56536783,116.89984273862794,1.505124807357788,1.290374994277954,2.0,4.0,0.740566074848175,1.0,0.3632623553276062,1.590198033452413,0.6245499849319458,0.6761982115595413,0.5640952587127686,9.999685287475586,0.6662941611946327,0.042497225996456466,0.6962264299392701,3516.2903943730466,1,3899.5875302315408,73.53610013725601,4.779521942138672,0.07011447150351664,0
27.60575688062083,88.47822726927708,2024-10-07,5.59195902361299,10.843984210668262,31.522890330514635,179.77799899356143,541.9860575428469,1.8970772200000705,0.30059170516607464,2.137359205259717,3582.8012247767037,89.99859235500107,327.92329767338356,45497418.077066615,100.78154135924433,1.505124807357788,1.064070463180542,3.0,3.0,0.371622771024704,1.0,0.27806949615478516,12.83988332857831,0.3070172667503357,0.42085075683218176,0.2945278584957123,8.078073501586914,0.5381655176940456,0.5685663005316094,0.5486491084098816,818.7925818829859,1,3191.3899534653383,27.401568213365252,4.495228290557861,0.16836854969613357,0
27.72270649649793,88.24781088527578,2024-01-01,15.854222978614262,25.20532618822123,50.76526488568016,88.20228168647421,146.57467902816583,3.3860599707187498,1.9805881139655395,2.900658746791283,1532.717888314109,89.99766981063071,308.92335949877037,-53904184.11060089,137.99223772636824,2.1982719898223877,0.36497315764427185,1.0,3.0,0.8510485291481018,1.0,0.25985100865364075,14.881029057482177,0.6621271371841431,0.45146174771480113,0.514263927936554,9.611616134643555,0.5929299261722732,0.0014172664318377972,0.7404194116592407,8586.744161586634,0,8823.556069302185,52.883024021737555,3.81992769241333,0.0340893225812054,0
27.15793830437797,88.44442586484209,2019-02-27,2.5152104153310244,12.280982921513925,23.459013913689574,40.04193585247489,82.21903893532529,0.5271214975719137,0.09845291025109677,2.576538244530409,3397.257271504492,89.9984672270761,343.10932547235507,27527918.90323,75.04680227786149,1.505124807357788,1.6524863243103027,3.0,1.0,0.5818615555763245,1.0,0.24301622807979584,28.855267902237422,0.386039674282074,0.25611360481336,0.23505818843841553,6.266334056854248,0.5107847784674375,0.4152082105920623,0.6327446222305299,14681.940344360708,0,7381.422810044574,19.017289166139154,4.864550590515137,0.022897612718042182,0
27.26280403279763,88.34178598340708,2020-12-01,4.303718421860649,19.369960815170124,28.157136760313627,44.78852207893225,109.73185302177072,0.875162232883424,0.8811396709496204,5.130064148107167,2879.608675299575,89.99744761189449,84.96733929660508,-56784876.62068627,197.46448951050175,1.505124807357788,1.064070463180542,2.0,2.0,0.6193349361419678,1.0,0.23170366883277893,16.8547794569494,0.5026739835739136,0.33878944621293033,0.31637054681777954,7.017121315002441,0.7280691009488195,0.11224905959363632,0.6477339744567872,6682.47478636089,1,3951.6928112411556,21.042163193246584,3.6979997158050537,0.04173266925644215,0
27.41402346830366,88.30457087490367,2021-01-14,1.9617020042936826,10.304563668850694,31.971834920654487,61.89820638373118,99.26492017437768,0.22375340497076773,4.8085399831325395,7.441742533485334,2816.6649612886176,89.99781078475063,168.67336886212274,11427835.132713098,71.05363033582717,1.505124807357788,1.290374994277954,2.0,4.0,0.6294124126434326,1.0,0.24815328419208527,16.59656603203692,0.29438915848731995,0.2089887874814881,0.4414355158805847,9.774413108825684,0.9951308691630909,0.0929797151139103,0.6517649650573731,9021.933805789116,1,2796.7291863685664,35.468272179985256,5.356320381164551,0.03415888141935391,0
27.774889980365217,88.2760951213513,2020-08-27,9.3254156248249,35.09131081250024,115.1337797048347,302.70593958702705,616.1819253728391,4.5942228742932425,19.16429201307759,43.4959924936896,1935.0755763449129,89.99763422714506,300.09477199831684,110805926.54217552,269.52136806120905,4.277713775634766,0.36497315764427185,2.0,3.0,0.8363955020904541,1.0,0.2381569892168045,16.23704358685769,0.674393892288208,0.675512980045088,0.2599242329597473,8.84707260131836,0.6246420515996453,0.00539745990342312,0.7345582008361817,3954.7414677034994,0,6115.821677703323,54.73894981838905,6.20221471786499,0.06555905328775466,0
28.07220945718833,88.85220365817051,2023-12-24,5.382169920737096,13.019581780803538,27.762941203830906,49.81949511934853,126.56956613311063,0.5226928181837904,5.533388025651932,8.863720789273883,2570.5423217250027,89.99870677807417,231.0409334114621,-95163291.10939758,108.50120147939909,1.505124807357788,0.7299463152885437,2.0,5.0,0.741409182548523,1.0,0.3956681489944458,1.0247205021353036,0.4272937774658203,0.30133075953753696,0.5557481050491333,12.02072811126709,0.9071912549243898,0.04318188402484477,0.6965636730194092,5261.809568482533,0,11665.383458304608,74.6033123870954,4.543332099914551,0.05137815488685542,0
27.3710481616553,88.4979543545419,2021-05-14,1.109495972108743,10.24552417539588,29.581288089899783,53.814214905611045,96.65690060658734,0.2968030254562397,8.535449913787513,5.024256166547185,2708.41170139309,89.9983452778397,45.60844256779001,80766093.67382199,132.39286259112336,2.8914191722869873,0.36497315764427185,2.0,4.0,0.7258110642433167,1.0,0.24312373995780945,34.307555960770244,0.5892879366874695,0.3847246342241913,0.3474905490875244,12.02820110321045,0.5751104862659134,0.06669340651733423,0.6903244256973267,1902.9533136464045,0,7651.323207162584,17.33654435397886,6.174393177032471,0.10832815651161548,0
27.9588733523142,88.6069062267209,2019-06-02,53.065342959580065,70.33980022356637,93.16252086283063,120.65018154925147,174.17578111813177,16.84299620049187,18.087115134040705,21.413490429788283,2476.7233776676853,89.99728270352092,106.07057121117549,-111530871.11923361,183.59448759432792,1.505124807357788,0.5770732164382935,2.0,5.0,0.7652820348739624,1.0,0.3184622824192047,3.9448018679326173,0.46279600262641907,0.3445990615959253,0.36753982305526733,11.978890419006348,0.8192052831145877,0.031955861094567474,0.706112813949585,6523.609357016409,0,5317.385298948899,59.922355481680604,6.472472190856934,0.0451367343377028,0
27.601976171954284,88.58861339521889,2023-08-19,13.876760492804047,82.93372747298078,177.37370595491052,272.89391837428025,533.4880384699238,2.6859474667617276,25.178544739726817,24.34178060283998,3610.946628524845,89.99780688575284,2.858077342889544,132593541.5648571,117.85480583912982,3.8077099323272705,0.36497315764427185,3.0,4.0,0.35563141107559204,1.0,0.2593423128128052,19.812700566446328,0.5495129227638245,0.5624269039333571,0.16758067905902863,10.317835807800293,0.5003109729732476,0.5914159896333463,0.5422525644302368,4149.649541809191,0,8254.792371710742,21.306328694154328,5.630028247833252,0.06273540407601183,0
27.22871719023206,88.6461622598012,2021-07-10,8.230596814621961,65.00431465305925,129.95096212669085,267.11569467660587,644.752411058477,2.7385965364104754,5.06237638773434,21.31433081404449,1851.966645934617,89.99768703488205,132.56684860822872,-18926852.175529674,359.304956769269,3.4510350227355957,1.154146432876587,2.0,2.0,0.8883631825447083,1.0,0.24678751826286316,46.95579503435261,0.6917955279350281,0.6991372593564239,0.4349396526813507,7.662237167358398,0.919112487484849,0.0040967974270975475,0.7553452730178833,9714.948646300942,1,4987.834553166392,21.599886321603584,5.078887462615967,0.031964869475744256,0
27.149276206150745,88.57137315870399,2024-01-09,18.03094580980737,26.65524169011836,40.10521551255406,93.14195855410068,150.6918713094805,3.2328856183947217,11.134581619819299,10.506707329559722,2273.9745716089283,89.98761727730134,327.4124632763346,-23182137.14761904,67.68815815966471,2.1982719898223877,0.7299463152885437,2.0,2.0,0.7953367829322815,1.0,0.249736487865448,41.085119670783165,0.5171172022819519,0.36635558550456426,0.31409916281700134,8.109435081481934,0.5393576066745391,0.01651633028111909,0.7181347131729127,16759.749276036982,1,4690.596703984112,30.167276822346757,5.053305149078369,0.02083494761613452,0
27.095477337270577,88.87042403511158,2023-01-24,9.283010385673435,16.21912060230708,39.699683978823195,72.77394883899512,112.50651249990331,0.8882893614671359,2.5773156148557717,6.451228181166434,2652.580711025855,89.99862198722151,176.88807119290573,11482645.259456031,162.08211418072102,1.505124807357788,0.2580749988555908,1.0,1.0,0.7914788722991943,1.0,0.22289204597473145,68.75635382997983,0.3702831566333771,0.26063526298897133,0.26902201771736145,8.566180229187012,0.9996313474101443,0.05600230027143501,0.7165915489196778,5082.81403729298,0,7680.476302886355,41.69126753528324,4.853011131286621,0.053075876980895775,0
28.08353467787726,88.74482228375915,2018-12-18,6.207213780763119,17.279865237381138,37.326830167592476,62.554282208297366,123.99106992454836,1.3604296266867664,0.5814001409295081,1.7343667715305675,1419.4341803247294,89.99482220081931,229.24565393482368,-48436221.66227606,95.21324028701105,2.6037371158599854,0.5161499977111816,1.0,3.0,0.8266242742538452,1.0,0.3057711124420166,6.9535045362408265,0.6199585795402527,0.4157398435877958,0.41604334115982056,9.580574989318848,0.9132043035681929,0.0009719639569312986,0.7306497097015381,8274.231618939451,1,2548.195922883709,73.9529307566577,4.077192306518555,0.035382991668233874,0
27.67086066504698,88.72784041730549,2024-12-22,8.737833589655862,15.939390206028852,20.806581568408994,46.33249403785676,101.67947805929593,1.1733530466385593,1.0800831685090202,3.800075071517317,4328.749892937734,89.9984652570357,248.75449333389884,-150538776.2959883,303.11020080851654,1.505124807357788,0.5770732164382935,4.0,4.0,0.21920688450336456,1.0,0.24513864517211914,18.73432508207099,0.3106284737586975,0.2198465276706585,0.2291324883699417,10.755024909973145,0.8405912364692991,0.9406154131108113,0.48768275380134585,1156.929403854789,2,2697.016277357987,28.346863870062368,4.201626300811768,0.14223759862643678,0
27.666785761754888,88.0883957537349,2023-07-26,39.17229978202629,74.28667892214763,145.12351737673578,296.35041196173995,610.8280274032626,11.18608520805429,41.01597963907879,47.28203666490355,2786.9602645117975,89.99875508561352,57.84521818251221,-55910017.63334636,100.86504390051671,1.505124807357788,0.8161048293113708,2.0,1.0,0.6186383366584778,1.0,0.38330408930778503,1.3246334891529536,0.37903136014938354,0.4958250081149536,0.5194166302680969,6.578225135803223,0.616947927668703,0.08495907521762486,0.6474553346633911,8581.449337591002,3,2521.557769227753,62.90421491351074,6.183577537536621,0.036304165679205525,0
27.696267241027257,88.1593009128063,2018-11-27,3.7257570591451112,13.507578313006666,22.12733067418869,31.748602175080045,102.35355198490292,0.6093390345219902,4.312711154523267,3.233298277854143,1852.1004832560504,89.99655216252259,113.88149670126768,140040639.92207608,191.8849653457263,4.070074081420898,0.36497315764427185,2.0,2.0,0.3623583912849426,4.0,0.2990022301673889,7.550958503077568,0.6176212430000305,0.4043532275884613,0.502888560295105,8.350007057189941,0.8512115783248937,0.004098618023519687,0.03405895978212357,12358.131281899476,3,2785.0935481932993,58.3178415543676,0.8124737739562988,0.022458231145437667,0
27.64684648085825,88.43336619227254,2021-12-15,3.453975033684276,4.258667253837696,13.36440107023906,40.641486526095925,101.80163733620388,0.6630803465343794,5.533646398836921,5.712077982035675,3207.6846231645204,89.99845672031405,113.67707231722159,8740064.810797982,112.77253957398408,1.505124807357788,1.154146432876587,3.0,3.0,0.5241437554359436,1.0,0.30481335520744324,7.4342414006901345,0.3377715051174164,0.23618871452104626,0.35134589672088623,11.57423210144043,0.8503953324214232,0.2740074237044088,0.6096575021743775,3227.924844027356,1,3425.1482109034246,33.75487184187106,3.602694272994995,0.07355094037528519,0
27.59057390632983,88.71044875270613,2024-06-09,21.30056882965699,56.331823110066985,100.75264749815238,168.09681860484716,245.6930728550799,11.849473832108346,9.211244718399717,11.429664214749051,4482.062525519378,89.99737221599857,133.87525062514413,-142632859.96385804,344.1304113861624,1.505124807357788,0.5161499977111816,4.0,4.0,0.09754711389541626,1.0,0.2435893416404724,24.065067860140676,0.34002214670181274,0.3039350188102963,0.34613844752311707,10.520661354064941,0.9232726289303208,0.963509899290224,0.4390188455581665,5095.201273196822,1,2259.741302614368,19.264769758807976,4.819578647613525,0.05294456265091678,0
27.556133133600238,88.55762190061603,2023-08-05,28.3046797523238,69.40117945653256,120.0640650263608,254.66860202137562,527.9680403784305,8.67100544378294,10.282599866568036,23.437418266453324,3654.1835215384976,89.99886875336865,183.24148516344357,42005498.07960664,140.2418129245809,3.4510350227355957,0.9305026531219482,3.0,3.0,0.2499605268239975,1.0,0.25310125946998596,21.455281871206118,0.48000645637512207,0.5181759277652465,0.31756675243377686,7.630553722381592,0.9996000211892705,0.6257308350639037,0.49998421072959903,1953.517835132272,0,9346.802675625557,18.1935404535692,4.234371662139893,0.10475522220926925,0
28.05229694632981,88.11135223730605,2023-07-02,19.405174987861532,26.80838363521533,85.5271558754236,243.28901175642062,509.9100644433364,7.785463469892689,20.31067922726893,69.21508033374802,4332.291682885316,89.99880219455576,190.20810320806652,19370448.358678937,110.85921181909892,1.505124807357788,0.5161499977111816,4.0,3.0,0.16334261000156403,1.0,0.28303033113479614,6.335709584318299,0.27857673168182373,0.38898558928578264,0.5820226669311523,10.744423866271973,0.9960426383614791,0.9412714512102002,0.46533704400062564,1771.2058280698095,2,2942.813467876052,88.67203749516301,5.524637222290039,0.11263715097644852,0
27.09911118345917,88.61181285508769,2018-10-27,4.1904622500894915,10.962031454044732,23.724391081301224,43.46091689847503,177.68546398284442,1.0930238934257521,3.2648674563784468,12.795846934960865,1909.6697546025325,89.99771743144396,182.57543059586408,26610769.80781385,181.44982607663906,1.505124807357788,0.2580749988555908,2.0,4.0,0.8504990935325623,1.0,0.24593034386634827,46.66445467715926,0.5442994236946106,0.3951205894999041,0.6148053407669067,10.825862884521484,0.9997474825907807,0.004961364225276942,0.740199637413025,15280.931502257446,0,7447.4416274972455,33.001641108261396,3.576125383377075,0.020995906815951364,0
27.47302737989313,88.72011891701192,2019-06-17,10.424804836910523,41.98648919444338,195.47353585784543,352.31101071803016,492.5995838094426,3.374864623703742,7.72492725079151,10.41176700951622,4623.557502625289,89.99808724086525,268.0042475355141,59357831.13981345,105.54893056747773,1.505124807357788,1.290374994277954,3.0,3.0,0.0597568154335022,1.0,0.2300529181957245,32.68678951167939,0.27629783749580383,0.37963066635711923,0.4835994839668274,10.427093505859375,0.7587063520717414,0.9769144380888344,0.4239027261734009,2426.284553644932,1,2419.5589519189543,7.916340363058399,5.370690822601318,0.09179630132684602,0
27.37701066691091,88.83548088904624,2022-09-12,15.766267513072668,48.252991636911034,178.23872288856973,363.7674705172655,564.7331215726833,7.500637121798742,49.829186973278595,84.22806908140016,3283.546465944106,89.99675137984899,52.444167928428556,-141459570.3701917,226.0924959911542,1.505124807357788,0.5770732164382935,3.0,1.0,0.5577362775802612,1.0,0.23940220475196838,38.08548214009422,0.4552087187767029,0.5202618207023393,0.6213995814323425,7.108160018920898,0.5976164435550471,0.327060165538457,0.6230945110321046,3069.083328618242,2,2068.6428579918615,17.683202111998135,4.944764137268066,0.07756858259975868,0
27.86166132618984,88.25159749504647,2023-07-26,31.125263454080436,70.4521200233527,126.44473814484512,286.19531498581637,605.7287085596083,11.337406058141779,53.62977650678929,56.21870019627457,3620.3587378463753,89.99530546709256,193.98193500130748,9079024.170138191,163.4826942614127,1.505124807357788,0.2580749988555908,3.0,3.0,0.2949177920818329,1.0,0.2699251174926758,11.772222068547356,0.3161885738372803,0.4557663542936725,0.42989084124565125,7.998544216156006,0.9925929886243212,0.5989749282526954,0.5179671168327332,5347.607245341827,0,7735.753055999926,63.520862599706234,5.8098859786987305,0.05190813453106677,0
27.355317177630816,88.14657883322126,2020-07-19,7.2519255912178,65.81993655503126,234.0268196770982,341.24995834687786,555.0963787365987,1.0302124942050328,10.298908284491343,16.000013269781668,2240.006557868669,89.99839934050836,169.05684944618042,78653381.70578784,99.76158387400945,1.505124807357788,0.8161048293113708,2.0,3.0,0.7577959299087524,1.0,0.3915807604789734,3.5691178202007747,0.5760737061500549,0.5883341245675469,0.6018415689468384,11.193392753601074,0.9954540057040145,0.014774349879182542,0.703118371963501,10002.187315245532,2,4164.162378559093,28.695715438316615,5.5824360847473145,0.03170207005207688,0
27.16699521097268,88.87059854093945,2021-11-19,3.633418691871834,9.568867331368695,17.39126075135061,58.527569607857494,105.2734611512283,0.942759679146987,7.3107828765892275,21.016998489462836,2604.6555629492327,89.99844049215172,61.57695307754216,35443913.785904415,253.17937734194504,3.4510350227355957,0.7299463152885437,2.0,1.0,0.6471512317657471,1.0,0.24108104407787323,60.818827797340354,0.5317764282226562,0.3541936743211592,0.426765501499176,7.227365493774414,0.6310054988648313,0.04813189353924943,0.6588604927062989,3029.812021531602,0,11193.290994018853,34.98249409457619,5.283084392547607,0.07860160914072457,0
27.433151399738477,88.67860770906996,2021-01-24,2.2499758073858542,9.974067192458378,20.950859953496703,47.33991895482622,105.84658963337053,0.7548626260249793,4.4572123797590875,5.36296764620356,4561.838244256701,89.9977091586287,292.9818334191831,-32839854.701751746,101.93942551116713,2.8914191722869873,0.9305026531219482,4.0,3.0,0.03979840874671936,1.0,0.24235519766807556,38.68063228909461,0.27739280462265015,0.20182795921206262,0.26650604605674744,6.790568828582764,0.6523901881338832,0.9717899344105634,0.41591936349868774,1404.519186371947,0,5662.157578157866,1.8935035969475835,6.013153553009033,0.12960028272660612,0
27.624882163735776,88.87061018775978,2020-07-11,11.018965951567056,25.697401937116688,99.50698479213341,221.20153167848747,494.9515433116774,3.4560031574244063,2.6455626860491073,27.168855891247887,3414.0804983751714,89.99911937996352,0.5213517062110782,125397217.01169068,151.464499983777,1.505124807357788,0.5161499977111816,3.0,3.0,0.6654203534126282,1.0,0.2670097053050995,10.588060260520477,0.5773630738258362,0.5613550743687596,0.24030613899230957,10.563117027282715,0.5000103495948733,0.4288858411222333,0.6661681413650513,14687.482106612328,3,2153.0515914065622,30.38393661035478,5.202751636505127,0.02320528953952274,0
27.54168760746073,88.35001431033717,2023-06-18,22.81714246975107,47.16119683999527,135.6445825199988,299.692389009459,397.15027905175316,8.340409229437435,1.6324009608101357,44.649016348430635,2138.9119394212366,89.99893562702796,106.40638128063995,-72765870.53578568,111.70818540727409,1.505124807357788,1.154146432876587,3.0,5.0,0.7466680407524109,1.0,0.2639838755130768,20.757585611162483,0.4556598961353302,0.44320466632836264,0.5639468431472778,11.726953506469727,0.8206120745173121,0.010592498676011527,0.6986672163009644,7629.7651254173215,1,3647.7932215620585,33.67789681722004,4.765154838562012,0.03843831867457681,0
28.11489364576448,88.6675170194834,2023-12-04,1.954439562672999,7.93097224259183,18.790163846338146,46.196520451614,111.5461552604548,0.29459355015977085,2.714126821324521,30.28409285500118,1057.71856727665,89.99913648914496,185.39022804711266,-105023207.19788861,235.72745450275494,1.505124807357788,0.2580749988555908,1.0,1.0,0.8012812733650208,1.0,0.3158903121948242,5.217974513180548,0.6580044031143188,0.4328248726075154,0.07937046885490417,7.8205180168151855,0.9988945001388183,0.000291278870918888,0.7205125093460083,1626.317243830445,0,5889.429459453504,77.00960404297157,5.507503032684326,0.11859349114134679,0
27.13388079225526,88.79099632164743,2024-08-28,12.13272777459884,21.59057911085133,85.48017285634852,230.55389327003283,501.3292559216831,5.324539730333838,4.735790940028048,31.839449411751026,1958.2551266636863,89.99435741495063,320.31446015427554,-122049077.15140073,91.38421565754066,1.505124807357788,0.5161499977111816,2.0,1.0,0.7621100544929504,1.0,0.23071688413619995,62.595861949420794,0.5878071784973145,0.5705644092786056,0.4872070550918579,6.578382968902588,0.5576098147398303,0.0058285027339744855,0.7048440217971802,10810.976197157339,0,9469.03450458883,34.450745773556186,4.094770431518555,0.02845174322269937,0
27.719893488910063,88.11338716085166,2021-05-07,0.09609524527851705,5.383217138577648,23.5188985515137,54.42791749462712,101.91540576642929,0.012281291616403752,10.44537949314507,10.353847306834071,2491.3639998847752,89.99860872957869,351.35345544432306,14964947.70697887,108.96628561727984,1.505124807357788,1.0949194431304932,2.0,2.0,0.7092478275299072,1.0,0.3630959391593933,2.4158271778526474,0.4942595362663269,0.3301340294516684,0.5714173913002014,8.68056869506836,0.5028413552714955,0.033500513496565014,0.6836991310119629,11568.718498681103,3,2435.957272338936,63.544759973517756,6.179232120513916,0.02885840429263526,0
27.77528889256916,88.0114414978764,2022-02-12,2.531919678585163,7.599440460199531,25.878389910475747,53.153763861621705,99.41903689453626,0.4465531450209185,0.18347569523847193,7.526887482674877,2927.7181557964927,89.99274107092256,155.28630588166322,-139086498.17052805,106.20899920421324,1.505124807357788,0.5770732164382935,3.0,2.0,0.5690245032310486,1.0,0.31563377380371094,4.100821998411758,0.4325234889984131,0.29194049996727134,0.5375437140464783,7.52091121673584,0.9771020695583872,0.12925002796870746,0.6276098012924195,5008.459295350242,0,10353.149621908608,75.31697654062971,6.346736907958984,0.055074961356983684,0
27.513379296881173,88.76762154541258,2021-01-07,0.2985163600018596,3.529099495273228,20.466181391455187,44.853544638813545,109.09323589258011,0.028877808636106558,16.863473038944637,17.789792331492933,3995.631880938966,89.99759812417601,292.31019512459534,62668345.20899011,108.95866830032315,1.505124807357788,0.5770732164382935,4.0,2.0,0.21182328462600708,1.0,0.24198871850967407,26.34487159000615,0.46529412269592285,0.31606685216592706,0.36765751242637634,7.899125099182129,0.6550948040142823,0.8391755156465053,0.48472931385040285,2142.635400728323,1,2910.025552021204,14.402349502104382,3.5774013996124268,0.09803190971316252,0
27.51815933243236,88.41135213817314,2020-01-25,1.9953139728132914,13.192570156513769,24.943498535046324,51.22915780874258,110.31083115799582,0.1750900651300024,8.508819028295326,13.190041795421804,2459.5886979795932,89.99861408705786,308.68040146353536,-138000760.62114534,147.50347736706485,1.505124807357788,0.5770732164382935,2.0,4.0,0.7408745884895325,1.0,0.2703590989112854,21.83622853222537,0.4631439745426178,0.31533859905477485,0.4341864585876465,10.7906494140625,0.5937560833684877,0.03023546640951852,0.6963498353958131,12280.50071822021,1,4459.119874699747,27.088204162952778,6.42081356048584,0.02780373704754041,0
27.34117795233001,88.85415096282946,2023-03-02,4.915502643942689,11.19692479031231,17.632681891614453,33.03584379468531,93.4021539334976,1.2045588294688645,4.912750335956837,14.918097669729365,3354.996852775378,89.99887021713737,5.385222619934211,-43665220.80754122,179.74959902169223,1.505124807357788,1.5048229694366455,2.0,1.0,0.5314145088195801,1.0,0.2456536591053009,41.70621600004013,0.39936619997024536,0.2692697523046736,0.5622736811637878,8.311775207519531,0.5011034491659477,0.381462841365303,0.6125658035278321,130.88996357541117,1,3450.4778716561145,20.850118129588683,4.622085094451904,0.26881969874289163,0
27.124964904425603,88.92724223178895,2023-06-20,57.54257638111308,80.04385148408878,166.60746905366014,333.1314786430196,465.9524058820108,17.426227083181328,1.7037402622983264,42.56028113942536,3157.770013643506,89.99105222139882,172.13640622430023,-136314715.03897828,237.312146527294,1.505124807357788,0.7299463152885437,2.0,1.0,0.5946016907691956,1.0,0.2353387027978897,65.37093751734577,0.27941107749938965,0.3692027855946389,0.28801172971725464,9.156112670898438,0.9976491491766837,0.24217963622942107,0.6378406763076783,2837.296932618109,0,11097.568955840356,42.087524296763156,4.956575393676758,0.0820329177310254,0
27.94569313501686,88.09897016464039,2022-08-29,16.424094009313972,35.17395859834308,77.24232789701074,169.71524454849094,504.06336012608165,7.823460658443179,26.83550027171477,66.15810890406408,3135.551139268387,89.99863763819417,353.3638929129449,-34260010.03304065,226.97919281823022,1.505124807357788,0.8161048293113708,3.0,5.0,0.6536989212036133,1.0,0.31995895504951477,6.096777946962526,0.4929494559764862,0.5149113752599492,0.4043291509151459,13.883061408996582,0.5016749659021429,0.2288476359661968,0.6614795684814454,7301.472575738115,1,3418.1491503633515,80.49594432378575,3.868109703063965,0.038979075261497416,0
27.752223751800383,88.60461626446968,2024-12-28,1.3473134033158045,10.422320673210265,23.324443849565498,39.41669228690042,87.82738767261418,0.06736567016579023,4.094612803752109,19.604069767633185,3058.4674442356213,89.99835706255745,235.3339607987039,99184930.96707249,125.34908529181894,5.168686389923096,0.0,3.0,2.0,0.68392014503479,1.0,0.2760135531425476,13.695991400240786,0.6012879014015198,0.38785040511627483,0.21457317471504211,7.319654941558838,0.8921980289667704,0.1866729443959958,0.6735680580139161,10916.845595717057,0,6007.1947281262155,37.14231505667969,5.0954084396362305,0.029156409016250228,0
27.10219802149207,88.83424106097387,2024-01-16,0.4426858955267229,2.732558708240643,28.14303514834021,69.83305526533653,157.30253138287242,0.11320959880002911,5.337022446553509,16.499546825445822,1978.049687953139,89.99872400502912,314.84872293766097,-57108603.06771908,204.1107340421611,1.505124807357788,0.2580749988555908,1.0,1.0,0.8537446856498718,1.0,0.2373463362455368,67.56754610119987,0.5834954380989075,0.4092328882023046,0.30876341462135315,5.431063652038574,0.5736906607958152,0.0062235753061754785,0.7414978742599487,7358.78442359075,0,10001.12626580091,39.383621599252464,3.7404227256774902,0.03861258051725489,0
27.272135705586496,88.13301034390497,2018-03-16,12.364595281882977,14.556676449490785,22.608676651243194,45.89765336352538,94.82789738014426,2.239229314340746,4.9763397741331525,7.534876151467985,2855.9440908304255,89.99878373845203,197.57246286023013,117037927.36818771,332.42078628873287,3.584566354751587,0.8161048293113708,2.0,4.0,0.6491950750350952,1.0,0.3399377763271332,4.529988410355752,0.5772870182991028,0.3766801250344188,0.7816187143325806,10.242964744567871,0.9883339702068903,0.10462566189365877,0.6596780300140381,8675.08302988955,0,6506.3635750236035,20.208346056129052,4.826694011688232,0.03473961649690379,0
27.877747772982207,88.184329931308,2018-02-07,1.4883920255695413,8.07850714468153,25.09431506378059,38.81840850852255,73.46245855889232,0.2406916112567883,3.5537083126462115,4.261420085975523,2924.4980887155057,89.99754246225719,229.01361127456107,140724320.95238337,118.44604496329424,2.1982719898223877,0.7742249965667725,3.0,2.0,0.6795344948768616,1.0,0.34045419096946716,4.923558388107399,0.5598044991493225,0.3563319451151582,0.5309332013130188,7.429632186889648,0.9139699301242789,0.12804682527408554,0.6718137979507447,2227.6627742587925,1,2882.240873108807,69.24231036387958,4.784599304199219,0.09663950705565603,0
27.741584014440065,88.03363132076007,2024-05-16,6.291149437696354,9.099912645000998,30.67372045300269,50.27055695805693,106.07512843718257,1.033148434924863,12.988686113260789,12.023605177111147,3421.441728453548,89.99807939450089,185.06349022833234,-106261519.6142314,259.1262039510023,1.505124807357788,0.36497315764427185,3.0,1.0,0.590641975402832,1.0,0.3403067886829376,3.1687498864156027,0.2389572411775589,0.17887207595494098,0.4273287057876587,8.056655883789062,0.9990243770081394,0.4349063116398401,0.6362567901611329,9229.403831953834,0,6779.978128504375,71.5357252867447,4.255856990814209,0.03252863010892146,0
27.00613571256543,88.0480418628234,2023-09-27,4.636504382268831,85.3393097750199,156.84614064594518,341.56617255874244,700.9801897539994,0.23452465859328242,14.589302489791438,84.68154867160146,2763.4206029859556,89.99902165788889,179.01298177433137,109385934.97774866,165.53912150087854,1.505124807357788,0.2580749988555908,2.0,3.0,0.7069532871246338,1.0,0.23748086392879486,29.805480782577405,0.6700122952461243,0.7120125404950666,0.10738440603017807,9.682812690734863,0.9999629059415139,0.0790544064420936,0.6827813148498536,5076.252179998017,1,4601.798062484819,19.16942572974191,4.920198917388916,0.053191604111140295,0
27.90567444627114,88.22185412318348,2022-03-29,0.4274232193701977,2.0414020393408654,11.984194625803303,49.25586918806567,102.05167073061453,0.15187657458937187,8.046380831014181,12.959324304406994,4089.958378700579,89.99814230742479,178.06004661181032,-57410803.561681315,170.19889851527705,1.505124807357788,0.5770732164382935,3.0,2.0,0.1880228966474533,1.0,0.29329144954681396,8.566862463892626,0.22987447679042816,0.1715658705978051,0.4198615550994873,7.704457759857178,0.9998567133106577,0.8772376893434838,0.47520915865898133,6694.601282031769,0,6060.357081563857,69.15731603428931,5.350015640258789,0.04320705210078478,0
27.959831992503076,88.05322570434254,2022-09-07,51.364576626744075,88.19518318585466,158.45958285182553,287.4863471877935,650.2821992410105,24.185649656039804,9.171730785479888,80.38718908773414,3061.5526467092213,89.99816239519598,244.99188958921292,31379948.564101506,150.9843299973703,1.505124807357788,1.0949194431304932,2.0,5.0,0.5453119874000549,1.0,0.32604894042015076,5.975609398882599,0.49583911895751953,0.5841150277529291,0.6371923685073853,9.964632034301758,0.8556866371073626,0.18823935942646516,0.618124794960022,6979.473039766967,0,7788.379040739709,84.76951835564822,5.356435775756836,0.04182111376010348,0
27.78887648589586,88.77932160334952,2023-08-10,2.85679748070219,24.72124963913561,77.86335981322314,207.82524171353253,505.66556088784597,0.44588526288083363,21.213445768801208,18.912513893663665,3947.2938230017253,89.99883041968278,143.62528394084234,-289899579.7382986,433.68170203861905,1.505124807357788,0.7299463152885437,3.0,5.0,0.20715080201625824,1.0,0.2702175974845886,13.42656050397127,0.21367435157299042,0.3480856171647746,0.23148715496063232,13.522174835205078,0.9512888969049376,0.8162252311549333,0.4828603208065033,1216.895663481281,1,4528.093736786774,42.31733759302444,5.20392370223999,0.13940721738541945,0
27.045370968488182,88.18765736296872,2018-10-18,0.22473945453705485,9.918328002774711,13.568242056571364,42.72267576630182,394.2350362491142,0.07069648244493054,4.376427250127859,9.686731552717568,4144.725229625379,89.99875261650857,223.98854344911075,90940048.02054277,283.49583154566295,3.7023494243621826,0.7299463152885437,3.0,4.0,0.16147179901599884,1.0,0.25772348046302795,22.86215138519879,0.4557952582836151,0.44194070122146334,0.3939553201198578,10.81310749053955,0.9298696715120456,0.8955831583507097,0.4645887196063996,7558.6625857137515,2,3723.1437841702273,6.731665636494004,5.8442254066467285,0.03973036303819277,0
27.71191338437133,88.79155192277861,2018-11-16,1.6876103073139093,4.371258267334623,13.207595545259174,45.79898803148208,121.54630828249734,0.6144497781590963,0.036701341940911764,0.06350234785143413,3858.1300437973664,89.99482629460339,34.74771624647116,10268872.956900217,106.09032832068033,1.505124807357788,0.7299463152885437,2.0,5.0,0.23014028370380402,1.0,0.28357917070388794,11.872412276189081,0.43559396266937256,0.30399298549948706,0.40572747588157654,11.801199913024902,0.5445825857997741,0.7674140786602962,0.4920561134815216,6045.550454570586,1,4726.690124726378,34.5746129643203,5.578382968902588,0.04701106202670099,0
27.21813688468186,88.25180563872556,2018-09-13,60.427449891537016,129.86752243445147,189.47165400796834,402.97524880659154,638.0106001319186,16.797046792184624,6.737467943362274,44.51888483744417,2879.8887648187324,89.99835904454554,181.28768049669236,-36336772.72720658,98.24918774145428,1.505124807357788,0.36497315764427185,3.0,3.0,0.5776506662368774,1.0,0.2954579293727875,8.686397291506626,0.5966287851333618,0.6389263354437784,0.5519232749938965,11.029233932495117,0.9999368660875062,0.1123421289422334,0.631060266494751,535.1813846784302,1,3884.0714022620728,13.484621382437867,6.286733150482178,0.2005062169240287,0
28.10763140693551,88.56873555355868,2022-12-20,4.331321547422265,20.546323912848962,27.251371696162117,51.00863493756887,80.00182133272452,0.9210647126034748,0.059669238066411355,1.8494485085371222,2016.1762260463686,89.99806459321941,73.8703615257105,-20148535.289017662,70.31865781258664,3.8077099323272705,1.064070463180542,2.0,3.0,0.748383641242981,1.0,0.3087482750415802,6.492688554482129,0.516920804977417,0.33361919105994725,0.10404213517904282,9.05615520477295,0.6805470958429514,0.007061023144532669,0.6993534564971924,6728.5458471937445,0,15293.958620114636,76.7729728562737,4.529834270477295,0.04227326604706667,0
27.061585355940164,88.5731673420326,2018-01-12,1.9800040974334863,4.8504629167018605,11.947181792816197,29.14540808875261,29.14540808875261,0.09900020487167432,3.6631485987219357,6.494523110316474,2304.203546506942,89.99750902061962,175.04449951573167,-106669684.07855546,65.10901850106423,1.505124807357788,0.7299463152885437,3.0,3.0,0.7616080641746521,1.0,0.2496810406446457,44.92038596248175,0.43422386050224304,0.2605343163013458,0.33183062076568604,8.685593605041504,0.9990655220690466,0.018235375411905046,0.7046432256698609,17481.510366713712,1,2766.9808530070322,29.02505793914778,4.598683834075928,0.019752582905528396,0
27.999084653844506,88.65990780514358,2018-04-19,4.552333625039404,7.864008979948492,17.948800248788743,52.91884183043157,107.5562448479658,1.4063935087534205,0.5043200769265666,3.490742555722798,2181.1977206872093,89.9977397898115,57.55989123529781,-74005431.57723713,115.64769154921626,1.505124807357788,0.5770732164382935,1.0,4.0,0.7203887104988098,1.0,0.3235035240650177,4.878268309610282,0.43747806549072266,0.2986680030583801,0.10823065042495728,11.899449348449707,0.6158955703694753,0.01217636258650507,0.688155484199524,8826.377119794824,0,5894.977917479564,64.13249467667197,4.922970294952393,0.03435171326506531,0
27.195634466457427,88.08530053541651,2023-05-23,3.1358553481835316,9.613881112225586,25.98994722857405,72.66457980341663,114.73112035999047,0.5951452413980625,1.5951201312752157,2.9822437764723007,3564.965831776515,89.99745918446422,78.17141883612692,120949768.786342,184.48663720249337,3.8077099323272705,0.9305026531219482,3.0,5.0,0.34270811080932617,1.0,0.28156647086143494,10.508356147709337,0.4400205612182617,0.30350420800187317,0.3595230281352997,10.158863067626953,0.6987539199756899,0.5539276125982402,0.5370832443237304,8068.987340190883,1,4796.754607025606,15.919790461401158,5.7725300788879395,0.03769126870515016,0
28.107430712896235,88.42646139748639,2019-04-15,19.675262458834197,21.505836891728226,43.11462295467244,57.87787795248855,117.11638438209292,6.368125435172499,8.429382492883157,14.322634874749749,3679.046178872946,89.99880282975528,311.26602390853543,55913993.54901822,148.92404894006071,2.8914191722869873,0.5161499977111816,3.0,5.0,0.0,3.0,0.26865559816360474,19.168952988384184,0.37918463349342346,0.26810328530700783,0.3864886462688446,13.70302963256836,0.5851109859192519,0.6449285723515034,0.075,11589.103983601806,1,4318.172943346075,79.67739602920415,753.7213134765625,0.723830131229281,0
27.64682685945326,88.1349711368385,2019-09-27,32.74516115287149,51.38333995298679,194.71100990294678,410.20498859300824,822.9151163095077,13.69715786142,28.585584379210854,61.153937005241204,2532.9855319697504,89.9972365240895,347.03051597368415,-109029803.2218643,192.83418989425803,1.505124807357788,0.36497315764427185,2.0,1.0,0.8741756081581116,1.0,0.3139059543609619,5.787109148369378,0.3408871591091156,0.570801971839261,0.5307477712631226,5.662107467651367,0.5063775658847744,0.03829525232639616,0.7496702432632447,12077.450596374638,1,4300.467319630572,57.808431054768725,6.469082832336426,0.02819935566536079,0
27.34051717474163,88.53755601070102,2024-08-15,50.15141510205592,102.43752714937663,219.4391137522665,325.44689814345963,663.7274332287942,8.73465923959803,3.270416117367932,6.609181428473415,3352.772297223515,89.99783829021467,36.75832817225313,-169118290.61789507,193.43618411381152,1.505124807357788,1.389776349067688,2.0,3.0,0.5191043019294739,1.0,0.2307240515947342,37.4987739222651,0.38989463448524475,0.5267523801950118,0.34834975004196167,10.200401306152344,0.5497082911657092,0.37971478078012716,0.6076417207717896,5297.000975035805,0,5084.851520255018,15.431085005087457,3.799988269805908,0.05041930095429978,0
27.79074681738565,88.60378683437814,2021-02-05,12.130576018902573,19.900391381008,28.241366835232995,50.007978327832284,100.88830734595005,3.5597538639260504,13.318150148495034,23.499275133125295,3156.363355041763,89.9992095700793,317.845394825512,33482601.500925176,184.35829979965058,1.505124807357788,0.5770732164382935,2.0,2.0,0.6039416193962097,1.0,0.294212281703949,10.963629306908542,0.514431357383728,0.3417631874252104,0.23842816054821014,7.908461093902588,0.5646658598328551,0.2413201362789881,0.6415766477584839,9332.510395606974,1,3936.5763713972,41.389675902389186,5.2522478103637695,0.03316235005391488,0
27.167736058609663,88.47276804675566,2024-08-01,33.0517403211151,36.20824564399015,72.59250201713543,323.99410701562516,595.211484409835,11.09516012627716,5.5715089494431815,3.852765311051606,3299.3972183180085,89.99315698773907,3.544190074597452,59673868.457448006,107.5362307864322,2.8914191722869873,0.5161499977111816,3.0,2.0,0.645388662815094,1.0,0.23790211975574493,31.149407280069347,0.37870359420776367,0.4884223968878789,0.1653430312871933,6.671596527099609,0.5004781457195951,0.33879338358875705,0.6581554651260376,12946.69658732597,0,5556.815016424947,21.9861572064671,5.112007141113281,0.02550786420906578,0
27.456558861537065,88.44097691841884,2018-11-27,5.1915971530264375,14.497125298781693,24.382129175055944,33.31842604461587,106.72923310196246,1.3320694141636105,3.844535180643091,9.188084031260681,2074.108691895623,89.99845875709804,271.6524922919565,37504996.77808793,132.2932057567246,1.505124807357788,0.5161499977111816,1.0,4.0,0.8120242953300476,1.0,0.24979330599308014,28.605850632010778,0.6750204563140869,0.4408118289807577,0.2964177429676056,11.264779090881348,0.7427906417485937,0.00855225691387513,0.7248097181320191,7641.809655608191,0,5541.8265940866495,22.314964522982756,4.804030418395996,0.038426010842891,0
27.151526909156225,88.25861025757658,2018-11-01,17.483129558857392,22.543904469530247,43.87336732924719,69.28978414114073,117.8170221439641,3.609395803280585,2.7996826766156184,11.74242511959778,3657.6810857554988,89.99773706037179,102.66290066793249,-47349233.76673569,80.40469082503665,1.505124807357788,1.064070463180542,3.0,3.0,0.27378058433532715,1.0,0.2747797966003418,13.95503442833552,0.4778217375278473,0.3276088434690315,0.4487702548503876,10.451034545898438,0.8048036235831523,0.6284571435532229,0.5095122337341309,2343.99294917949,1,2033.2222725860331,6.33842084174694,5.148273468017578,0.09374421972359974,0
27.34431620224974,88.39794998872365,2023-07-01,3.7255769160907803,44.136914251287095,101.22162775955366,246.44771592771735,559.5396654493281,1.9889289509600168,23.06701184146031,49.72657528114033,2754.240241047413,89.9972636367636,289.9639381843102,-38196013.00239891,126.76854375764671,1.505124807357788,0.2580749988555908,2.0,4.0,0.711872398853302,1.0,0.242515429854393,24.138225935851743,0.4743281304836273,0.5293370478658437,0.2690153419971466,10.627373695373535,0.664642841122167,0.07685499473116712,0.6847489595413209,3577.477703354033,1,3850.722461740966,27.644184564639726,3.8856184482574463,0.06839546352993113,0
27.71713090268264,88.38298413382458,2022-04-11,1.583923973856562,6.408712906241332,36.25013794478161,68.05381743440158,119.33712331349233,0.48384546356168445,0.056601304003171565,0.9969995069184997,2811.7488005046475,89.99543361385507,39.21394717331236,-265668865.5903654,168.11069184697806,1.505124807357788,0.9305026531219482,3.0,2.0,0.7432059049606323,1.0,0.31531813740730286,4.830120534111831,0.3650548756122589,0.26065014759798166,0.42043405771255493,8.63115406036377,0.5563023463538762,0.09160689609648345,0.697282361984253,3311.268768432373,0,6072.92244560776,42.90206117738998,6.332672595977783,0.07471736439941443,0
27.46192491365443,88.20239452982818,2024-08-23,7.204317444464916,32.626033256541625,94.45841450028817,356.29862390583867,501.990499482703,1.8452704716401542,18.585364450819384,61.065636354116236,2056.5906377166284,89.99900210688203,323.60156699336494,-129402641.34005637,147.6428576491816,1.505124807357788,0.8161048293113708,2.0,4.0,0.8332581520080566,1.0,0.2861855626106262,8.164976324231706,0.4379759132862091,0.4809707682014102,0.6413599252700806,10.456733703613281,0.5487724933542771,0.00807107686346189,0.7333032608032227,8735.780454515663,0,6593.28147689685,39.90208651481981,6.463553428649902,0.0360681343753151,0
27.47279204989725,88.44094338783385,2022-02-12,2.9202278654306824,7.876005315927953,27.770461965088703,49.625626702688706,96.50717197544228,0.5318256060693937,0.10305471761918977,6.063045568539785,1824.6191959135886,89.9992055889012,127.94657319695978,13754465.821244411,191.80213379777786,4.070074081420898,0.36497315764427185,2.0,4.0,0.81337571144104,1.0,0.2629520893096924,26.80163283254825,0.771487832069397,0.49397548207300807,0.38512811064720154,9.84242057800293,0.9037316021324199,0.003741192423808209,0.725350284576416,7925.622553618005,1,4338.982374770602,22.694216772388067,5.685205936431885,0.038141413619414366,0
27.25491994107076,88.53238587780358,2020-06-15,49.0279768566501,71.56836482992645,109.15120068980508,270.69606434701996,334.58441275219855,7.810634609773464,12.058793819940695,19.47091887615261,3019.398264557036,89.99725621802807,138.9726452258903,47719867.07718857,66.0816510308104,1.505124807357788,0.7742249965667725,3.0,2.0,0.7480010986328125,1.0,0.23036271333694458,35.64421918031168,0.44922661781311035,0.41047489066854703,0.3723774254322052,6.814158916473389,0.9385990678461232,0.16770146543676398,0.699200439453125,5023.433199306758,1,4984.347456473172,22.693946434788295,6.105644702911377,0.05472668923196957,0
27.79326246465472,88.60259208844712,2021-12-17,1.84587267990186,10.599963696927013,15.300504898927212,43.76536515622865,101.5877434917581,0.18495171198470697,1.9291506359974742,1.8692235174507974,3440.231519254521,89.99894308530145,331.59223124266623,-229185838.59776038,191.65260930912467,1.505124807357788,0.5161499977111816,3.0,2.0,0.5638188123703003,1.0,0.3018845021724701,10.660335463093391,0.39966291189193726,0.2732248614090183,0.46020519733428955,7.556005954742432,0.5301039813233192,0.4503570261991593,0.6255275249481201,9057.606643564372,1,3815.8178610103155,41.68341089311996,6.256012916564941,0.034889177577796325,0
27.73724935386877,88.29407916119636,2019-09-22,70.71691853759815,123.18304793055663,262.5699211803472,457.58156027816506,896.0145587959146,33.457467939478065,8.640701648776629,10.53665492251402,1547.2506599379205,89.99913073789365,275.585945082007,-87516187.95262505,203.77475414206182,1.505124807357788,0.7299463152885437,2.0,3.0,0.800351619720459,1.0,0.27179044485092163,13.815879495418265,0.7108034491539001,0.8264820694918786,0.26600736379623413,10.584653854370117,0.725665309257189,0.0014875079407303542,0.7201406478881837,4279.722534015261,0,9963.127378242458,50.536153438039015,5.697837829589844,0.061363224756320695,0
27.62053315346764,88.4012189215173,2023-07-06,31.004443046882013,79.73551633777517,146.2024847801749,287.17803299194287,583.8197915169724,17.186922081144285,3.2359901198909298,26.282100646148105,2123.950856448083,89.9960299656179,342.51892299837215,87447508.03865299,170.38838829914945,4.449563980102539,0.0,2.0,3.0,0.8008098602294922,1.0,0.2916627824306488,10.790360562258515,0.62255859375,0.6294789203002471,0.44853124022483826,9.937202453613281,0.5115459468942072,0.010082398994877789,0.7203239440917969,5183.364075328904,0,6495.301727011032,34.001514392122516,5.679900646209717,0.05304265927280865,0
27.707394103463397,88.33541132103873,2024-09-24,27.087025533662406,57.52536529273156,160.5949978583939,306.30300138872195,570.0578716817258,3.739136658173054,9.223581647842447,7.373786750764826,1887.8463044526084,89.99210800359205,78.14915486032578,-50472129.48490808,165.7677911363293,1.505124807357788,0.5161499977111816,2.0,3.0,0.9053832292556763,1.0,0.2795078754425049,9.524100343406731,0.5840445160865784,0.6000203020187265,0.21854379773139954,9.989529609680176,0.6986588417738459,0.004614871732816176,0.7621532917022705,1849.801772204084,0,9399.503276077936,45.30383632349364,4.657391548156738,0.10884520535480897,0
27.83247742798491,88.82435468465306,2021-08-03,8.418653680912685,30.492508026221735,74.04783490640493,248.71520312368062,544.2581407866677,2.977749151384949,21.10714439816982,143.34546633418697,2956.2719959725187,89.99902737693729,317.48951204184505,-18220291.863376405,121.0903384402173,1.505124807357788,0.5770732164382935,3.0,5.0,0.6409132480621338,1.0,0.26625239849090576,9.255468280318889,0.453341007232666,0.509693409980963,0.23890864849090576,11.99421215057373,0.5657115854811082,0.14034509518274862,0.6563652992248535,7744.105321011743,0,5225.473940489082,48.27094558855579,5.116503715515137,0.0383104020671488,0
28.04079463294357,88.46837862042028,2023-02-18,2.762584595849039,5.121359494391583,15.407140781821134,54.97366143164688,106.31122327507931,0.8681367887826018,0.5708957679487494,3.646587895263838,3373.3091145951207,89.9985442836327,327.6340821069816,-71917008.05985755,136.73121479813432,1.505124807357788,1.4598926305770874,2.0,5.0,0.6381241083145142,1.0,0.2853277623653412,12.385193757691049,0.3303782343864441,0.23383361327596203,0.17327935993671417,11.430347442626953,0.5388383725037099,0.395965805647018,0.6552496433258057,3469.2505969262947,0,7180.47871705398,71.40802194094479,4.3163347244262695,0.07038298327193908,0
27.903853564163136,88.29243914332211,2021-08-22,6.857747173774542,24.1573489621757,57.53939797621502,245.7774207428951,560.8108454076378,1.513533591282753,6.065013149258771,33.51254063448148,3973.552064853473,89.99733448175853,173.84204838160952,41116413.49320175,365.72661976047283,1.505124807357788,0.2580749988555908,3.0,4.0,0.2115115076303482,1.0,0.2758047580718994,15.176498287415374,0.2897028625011444,0.41914844847712407,0.46252554655075073,13.036758422851562,0.9985574887769046,0.8289929522243724,0.4846046030521393,6216.53044144742,0,6762.254694313934,64.84028468582021,3.5616676807403564,0.044127224500661914,0
27.946242069449927,88.4595517312612,2018-04-17,2.2678671181552055,10.570278137447888,15.6646802030182,52.319399310368226,106.67428938829238,0.5531033436996224,1.362437115457585,6.866432340949058,2018.113286858939,89.99807696202275,308.2947047830077,97119598.30670825,118.11882523595945,4.449563980102539,0.0,2.0,5.0,0.7677451968193054,1.0,0.2953786849975586,8.760647848476903,0.7852252721786499,0.5069093657857092,0.38375595211982727,12.761285781860352,0.595073374769083,0.007106437711365334,0.7070980787277222,7055.047897602502,0,7812.5868456827,61.62889220809895,3.9765329360961914,0.04018543898620428,0
27.081426836192428,88.78305368626671,2018-10-24,0.24456136927547867,3.420262055703816,22.47664130660756,46.20693099252134,252.1028417481888,0.014546300961484265,0.45687094152252966,7.665405529981984,1828.2089387530284,89.99791646336035,285.76813564301506,-113269311.05301334,256.23978939937274,1.505124807357788,0.7742249965667725,2.0,2.0,0.809358537197113,1.0,0.24691404402256012,63.32171762582436,0.519943118095398,0.4148452655051152,0.3730027377605438,9.295618057250977,0.682063730243645,0.0037860572178629853,0.7237434148788453,6426.460201172019,0,9733.758475025144,39.69860300063984,3.710885763168335,0.04309082923177254,0
27.377566945766745,88.16088483402818,2023-02-11,3.996261273357689,7.925931693611848,37.855764426852915,63.31035762128867,131.09178191556043,0.48682849682653306,3.4589658803028804,7.887466936223852,2087.5403008025446,89.99726654032582,109.43932238123398,95559252.0381152,66.38607451517181,3.7023494243621826,0.7299463152885437,2.0,3.0,0.8887221217155457,1.0,0.3531007766723633,3.207994580916663,0.5722920894622803,0.39041643572590495,0.8138101100921631,8.793476104736328,0.8332020980134441,0.008940358759521823,0.7554888486862184,11572.789138466684,0,5217.519286672233,30.872669763010038,4.510295391082764,0.027299020141105308,0
27.839242600399345,88.01365504451087,2020-03-13,1.3296168523959393,8.435010873307904,20.9637912592487,44.21728285837328,91.56692593251684,0.24722125871109024,2.697522128704193,7.553412217129796,2893.057083689356,89.9826677398619,199.23639734758228,-1644813.1806077957,164.21661247683767,1.505124807357788,1.5048229694366455,2.0,4.0,0.5997263789176941,1.0,0.3496195077896118,2.0371644786154937,0.43610984086990356,0.29046910638592394,0.38843512535095215,8.972864151000977,0.9860418164987859,0.11679438325555117,0.6398905515670776,93.14563781122098,0,13613.485400221018,79.06329399148787,5.946591377258301,0.2792106872745858,0
27.420655577706448,88.14285999612639,2019-09-04,30.524023989767997,77.2255673654115,159.06116245490722,319.28896744660466,657.6623646036188,13.565056714074771,72.64743738418105,150.11310057396423,1581.3742210583296,89.99680157423111,349.4303901672402,173253725.97317383,265.6518748424795,3.584566354751587,0.9305026531219482,1.0,2.0,0.7294296622276306,1.0,0.34660255908966064,2.621617666424951,0.6794272661209106,0.6976733505881505,0.7794092297554016,8.469169616699219,0.5042418049412896,0.001666404350196658,0.6917718648910522,11747.51177034534,0,5678.136334650827,35.89297878544235,4.372127056121826,0.026843511844710264,0
27.13522998812733,88.33937500580278,2022-03-16,1.5759494815918542,4.730017383877117,16.12973437451353,43.22395569514696,94.38706435892881,0.20032284035287884,3.4799368750591024,6.266483911611503,3815.000865246788,89.9951953315069,121.77981935328484,24791863.202723935,165.6453992837442,1.505124807357788,0.5770732164382935,3.0,2.0,0.2527450621128082,1.0,0.2413591593503952,20.94849891716985,0.3933795690536499,0.2661322416174274,0.19108662009239197,9.619928359985352,0.8816641036727625,0.7407754530188779,0.5010980248451233,8162.349319683109,0,5793.589448362682,9.393651358146645,4.405633449554443,0.036083353097669586,0
28.083024974418095,88.92578195950279,2021-02-23,1.3062212575738268,9.676983461737917,15.509624291417316,44.21873788509432,100.83325050026212,0.09092035307526115,8.03265384139677,4.925053939756097,2866.994581261024,89.99690342252515,344.1018858093497,-69227660.94645406,110.98116120539726,2.6037371158599854,0.7742249965667725,3.0,5.0,0.6325399279594421,1.0,0.35257843136787415,1.2651707011246822,0.4076809585094452,0.27768754318427336,0.5761063694953918,10.2440767288208,0.5095624184981127,0.10812692488712562,0.6530159711837769,4118.123923600041,0,18011.254846882508,77.85742210262218,6.16846227645874,0.06359483728202571,0
27.351386506210467,88.63952849572448,2023-05-28,1.1135575633535286,7.166466684373241,17.665396603831518,49.798420995743726,131.2080677520089,0.37946400494146193,0.3838811199329264,2.452657133984105,3551.794469188964,89.99881322111383,203.82548648226046,38593690.05362061,169.34709856730262,1.505124807357788,1.3159294128417969,3.0,2.0,0.2858485281467438,1.0,0.23608313500881195,45.18995846469275,0.42818570137023926,0.3040062607203585,0.5119602084159851,8.428454399108887,0.9786950177734492,0.5430551638343605,0.5143394112586975,116.39729473330048,1,2773.3735762495376,8.244950708235697,3.6993227005004883,0.27140552236905663,0
27.79710919299693,88.36069277650219,2024-06-23,20.077681754343168,45.89396156288281,119.32359949824956,260.8849754764949,413.7826711236147,6.045247186069583,3.691383562775755,12.274385846891322,2524.858685269764,89.99827124016585,254.94105369443815,159709080.7523496,98.98285620082349,1.505124807357788,0.2580749988555908,3.0,4.0,0.6979179382324219,1.0,0.2952103316783905,10.328883398798926,0.5570328831672668,0.5117031541152578,0.14661960303783417,9.699858665466309,0.8149531648290276,0.03730996454698016,0.6791671752929688,4089.5835617891476,0,11073.021390303546,51.26899194754981,5.478336334228516,0.06328189916570558,0
27.012122238822517,88.19442362250008,2022-06-27,43.94436993977298,63.76890720883017,148.22082609076477,325.92539394476364,575.1970304151253,20.150979755937186,140.14131569379325,142.27792693430615,4213.4712243174745,89.99628114082968,173.94154508373947,-78417806.7502768,101.88946269483034,1.505124807357788,1.3159294128417969,3.0,3.0,0.1575375497341156,1.0,0.25262388586997986,26.599664974706013,0.45861899852752686,0.5271363568637344,0.3389979600906372,8.717818260192871,0.9986036836624157,0.9151526726761683,0.46301501989364624,8084.80821944793,1,4142.769139979207,10.207728516284112,5.5376877784729,0.037415322104675935,0
27.593349782353005,88.15228871296021,2022-12-24,0.1787065646836273,1.8275998896721672,22.08396829568404,42.554072983505485,74.94532797307419,0.015396775865286821,4.555992337893206,8.951660939056207,1914.494101888612,89.99935239035965,5.426421550338944,123000197.94072087,146.53959066171754,2.1982719898223877,0.36497315764427185,2.0,1.0,0.8252173066139221,1.0,0.2957335114479065,7.098956020195508,0.4834718406200409,0.3112165914026366,0.6363884806632996,7.833047866821289,0.5011203846610741,0.005041388195363774,0.7300869226455688,11094.039488849197,1,3440.0349964687725,53.91102119535087,5.105703353881836,0.02879714107754473,0
27.945023848321767,88.91989369249576,2019-03-01,1.4765547496554945,4.137634505401037,23.60244909789832,37.60495418956237,80.4437014940088,0.4773441778189156,1.1402407443150158,7.526544630583766,2706.236567216219,89.99896436585105,332.42575873861654,118037986.7365677,208.5639704468584,4.395496368408203,0.0,3.0,5.0,0.6713821887969971,1.0,0.373453289270401,1.8662158508916185,0.4137324392795563,0.27191006869347834,0.5893030166625977,11.747702598571777,0.528397056028022,0.06624351493658436,0.6685528755187988,9515.690300439006,0,6868.077357124032,63.355104564409395,6.378265380859375,0.03370346670290472,0
27.628245453672147,88.78033484972,2023-08-11,11.59297335489316,27.195996375539956,97.21475889138031,192.946090296168,460.7573841118034,2.306623549503529,8.474488180436927,29.228973995769973,4315.222360062736,89.99731396882744,83.93098448261736,71450932.36352548,125.64382904402444,2.1982719898223877,0.5770732164382935,4.0,3.0,0.10330408811569214,1.0,0.25200551748275757,16.02241584251119,0.3667105436325073,0.41918532297640676,0.3305313289165497,10.32288646697998,0.7235684158702089,0.9380460611813441,0.4413216352462769,6174.474021622748,1,2248.593836813612,25.618384223324686,5.548369407653809,0.0462180040921834,0
27.160003354082715,88.41686842032655,2024-12-06,0.24165714771748537,5.393657261219542,20.22262919504149,61.12562764722994,121.98481171824457,0.0903264347142457,0.1450467946838159,1.9557929415171282,3442.6233782446316,89.9976797847931,174.79057409222094,-28415751.793505862,107.477368872275,1.505124807357788,0.9305026531219482,3.0,1.0,0.5289758443832397,1.0,0.23378823697566986,26.23804499150198,0.41305696964263916,0.2906731286110183,0.1469857096672058,6.860219478607178,0.9989673687225963,0.4523313644798131,0.611590337753296,14856.318631968696,0,9604.35041287723,16.881629206458832,4.049530982971191,0.021929483217992714,0
27.44360716890137,88.07444583379095,2023-11-06,0.8806266248406048,17.172600972786928,27.861451678969853,54.62662016525288,99.07599828310069,0.09916083706168255,0.7741598356959447,6.014842948073453,1743.4996699471249,89.98967551536578,273.47731256793037,-12839761.872820456,129.72747520555097,1.505124807357788,0.8161048293113708,2.0,1.0,0.9019628167152405,1.0,0.3265644609928131,5.459756710021173,0.6526417136192322,0.4238531462086019,0.7744280099868774,7.637331008911133,0.7348366742661593,0.002857344634754324,0.7607851266860962,8019.21281935866,0,7818.397014364218,40.09904996619628,5.165952682495117,0.037309875079818346,0
27.490170300874528,88.43647404879708,2023-04-15,3.4924529522781738,12.699386344118505,19.86674282054776,40.441347000217725,84.64406172503884,0.6568725448941213,18.622655763702472,15.228953108659715,2141.462699112802,89.99702185740321,177.4831320382824,-23644299.75713715,165.89974208412562,1.505124807357788,0.5770732164382935,2.0,4.0,0.7991491556167603,1.0,0.2653621733188629,24.858521978712282,0.6395437121391296,0.40933500738181133,0.2595385015010834,11.303200721740723,0.9997588341688532,0.01068197955436802,0.7196596622467042,8943.850692487029,1,3611.2604386432877,23.663372828648605,3.6025142669677734,0.032763376261761165,0
27.17026046040896,88.1682617865747,2019-09-16,9.611316289370372,69.58170138944118,192.5170257300918,420.12230397379557,760.560837645884,3.8241859268780893,68.7718634076235,39.59664870181146,4082.1662879021796,89.99898803638702,39.956246677997626,-144034530.8236411,195.8999193492334,1.505124807357788,0.5161499977111816,3.0,4.0,0.21886520087718964,1.0,0.31532877683639526,8.928432551556138,0.30401360988616943,0.5199056666604445,0.5514046549797058,9.96371078491211,0.558366230564928,0.874413025741755,0.4875460803508759,2208.9762774659985,2,2016.875520019544,8.442737948828023,5.474596977233887,0.09782226255125959,0
27.330027043255416,88.45588371443348,2024-05-07,2.1774882836090845,4.156714689714878,11.015928164075921,53.79234853068678,98.49520689903449,0.5026806964104704,5.653855050506393,5.906601741536705,2689.183014019959,89.99865853251286,111.12266242667431,-33381586.135200687,135.89082630582138,1.505124807357788,0.5161499977111816,2.0,4.0,0.6668113470077515,1.0,0.24850323796272278,29.429227864574624,0.5758774280548096,0.37752657992118743,0.39249202609062195,10.651766777038574,0.8400914486895379,0.06281285226687328,0.6667245388031007,2867.297714473127,1,4573.94675240122,22.951915041717122,4.606841564178467,0.08110127454835625,0
27.66268304550672,88.45875967754112,2018-02-05,5.948668019425533,12.326623565667209,23.339087975788434,41.48250151531374,73.08994394569388,0.8484811595149379,0.21548385029475547,1.814193770911123,3553.248295333242,89.99894651508421,253.90460527767988,99085841.57396603,174.40172780766048,1.505124807357788,0.2580749988555908,3.0,2.0,0.42016974091529846,1.0,0.305741548538208,6.2582392742714585,0.2950449287891388,0.1973043132370873,0.4425066113471985,7.89180850982666,0.8193093569030616,0.544257448992489,0.5680678963661194,4321.010181262329,1,3728.0315705765183,33.509006662746486,3.6728596687316895,0.059039650973854926,0
27.27534422308296,88.78453719782917,2018-08-03,21.982225544020775,82.27687733867793,129.2232442094812,242.23644102009428,579.9335680982173,4.121113006097275,19.62137603427089,65.5098662461877,2819.93151385336,89.99691859505094,254.05360791747475,77549031.8477691,227.47711898308273,3.114562749862671,0.2580749988555908,3.0,1.0,0.6730995774269104,1.0,0.24059800803661346,50.2351790600636,0.5479540228843689,0.5829229551633233,0.6236268877983093,7.0278496742248535,0.8186844613837874,0.09390207052646386,0.6692398309707642,5638.482487888444,0,6168.1495148828635,20.23326675230341,3.794541120529175,0.047963560706646036,0
27.720475231540657,88.60370861662489,2020-11-05,2.6448901317050044,14.142156073978551,39.78221267822412,58.4005960500426,116.06627354474443,0.13554668080232693,2.0233011427906544,6.114244369600424,3245.1821484188795,89.99258664387851,34.21147518086764,37201812.78351006,27.9079366134984,1.505124807357788,0.9305026531219482,3.0,2.0,0.5781462788581848,1.0,0.2686353027820587,15.015628643208727,0.5659707188606262,0.379690383195842,0.4143185317516327,8.791559219360352,0.5432580040490916,0.29956023899331446,0.631258511543274,8665.251171369659,0,8241.141601596604,33.676149960335955,4.5658721923828125,0.03452866528300127,0
27.86208041151467,88.05404088800094,2022-09-10,22.872213683815037,122.64035604780246,217.35417061192348,387.52324603884114,633.1515388583607,10.31030779094384,11.844166167653862,37.34589023079975,2594.592225338757,89.99784910413389,222.65052825926526,51723976.182331175,134.5671900089415,1.505124807357788,1.290374994277954,3.0,5.0,0.7133432626724243,1.0,0.33863285183906555,3.2315051408913376,0.5587313175201416,0.6139457350497624,0.41892537474632263,13.19713020324707,0.9338749686348389,0.046618133983893105,0.6853373050689697,2321.2465827632027,0,10637.428239973833,77.44901313847086,4.022201061248779,0.09331170139646429,0
27.41426747497385,88.50176051479336,2024-03-02,1.484779600758653,2.1178005635827493,27.6305200511301,52.63691154890344,118.25021960098262,0.3321709148793797,1.5460691907156336,15.010864734300014,2576.8434259590804,89.99548947979599,236.9858993226598,248528469.7265129,137.07201789448612,3.8077099323272705,0.5770732164382935,2.0,4.0,0.7663738131523132,1.0,0.2397223263978958,33.99918990171627,0.6399662494659424,0.42509544121821974,0.2211821973323822,11.134272575378418,0.8862113545172019,0.04405807218508067,0.7065495252609253,3678.7872717751347,0,5634.236640205638,16.017900335223857,4.609851360321045,0.06764970540437386,0
27.95426112681452,88.44879243298618,2020-05-15,2.491280811243299,9.746006816643376,18.21508985881326,41.837909440356874,92.09370577735423,0.4540256594155907,0.9437805512890906,1.7017053838779173,2529.1864232670505,89.99891151739392,289.57037168494486,-36359913.53138351,136.63453358377987,1.505124807357788,0.8161048293113708,2.0,5.0,0.7948296666145325,1.0,0.28694772720336914,10.142100937887628,0.6111357808113098,0.3957277427196054,0.42201340198516846,12.964694023132324,0.6662589059905047,0.037831581775016526,0.717931866645813,6399.441285464927,0,6464.430722635807,62.82121256108688,5.631863117218018,0.045024320126785,0
27.868549176089097,88.7923744306995,2020-08-03,43.639492374303416,83.67618080145085,168.98141158005237,384.679999203935,732.8229645375147,12.162603709043877,22.006874001861846,59.26875236568302,2375.306091353209,89.99805263772413,6.383481536036129,178745778.39722493,74.34916711752936,1.505124807357788,1.290374994277954,3.0,5.0,0.7603055834770203,1.0,0.26410460472106934,12.547906890782436,0.5992135405540466,0.684226520104807,0.2843395471572876,11.685359954833984,0.5015499963675202,0.02300028629630921,0.7041222333908081,9054.89073150182,1,2423.085712389931,51.20759064864451,5.859100341796875,0.03452821391406267,0
28.027794035574622,88.5460252646994,2021-07-14,19.94218834537522,33.307482210202494,127.32925958744761,300.6535901947671,625.9911731893998,5.09981227746155,46.43536488490337,65.62727452101544,1806.8178123256057,89.99623300283305,200.03343365995883,-115372615.40003611,141.76178377034768,1.505124807357788,0.36497315764427185,2.0,4.0,0.8685979247093201,1.0,0.3198257386684418,4.734537974417144,0.7128681540489197,0.7031238247464483,0.32942092418670654,9.221454620361328,0.9848732206678519,0.0035264158144908174,0.747439169883728,2133.223717956392,0,13611.694563558647,68.31422285105849,4.917236804962158,0.09956434124533729,0
27.960809957682105,88.31674943990012,2022-01-29,4.863697875556843,6.365498532616905,18.487849523857832,50.23750126519351,90.8167689798799,0.8846226067271229,2.2676801600591068,2.0781915209595674,4005.753613921855,89.99911076585865,211.98345168263774,-51454970.59116169,162.2722371835456,1.505124807357788,0.36497315764427185,3.0,4.0,0.13204491138458252,1.0,0.2717970311641693,15.819733809111527,0.35283738374710083,0.2401594866982434,0.21984189748764038,9.878798484802246,0.9620502783637641,0.8436770051866603,0.45281796455383305,9394.263642084177,0,5588.877535166551,68.93886285272957,5.656810283660889,0.03336598591259944,0
27.60049447633517,88.09763113578335,2021-06-28,18.77281181502252,25.961515255852127,103.92534593418648,302.3169281291793,691.8732021780077,7.273410470151563,4.424930909828438,19.909520259918406,2310.0608896514323,89.99798341206676,158.79564322716965,-42770892.85019298,102.22898767942337,2.6037371158599854,0.5770732164382935,2.0,1.0,0.7884517312049866,1.0,0.40448400378227234,2.2805764865709133,0.4644409120082855,0.5844674673102075,0.8619712591171265,7.404089450836182,0.9830740751441893,0.01858822691283404,0.7153806924819947,8562.182212098609,1,2054.361997550153,56.37196972199358,5.682601451873779,0.035901482935575685,0
27.45036433257274,88.85312403547306,2022-05-27,6.5460894925184325,14.345986037346236,28.919616458773937,53.16364285491129,96.1108846110231,1.3517874325562969,1.2688146521538965,4.055756322431566,2865.722909689045,89.99918335741638,278.17213421655265,-114040293.73632428,182.64697764764793,2.1982719898223877,0.5770732164382935,3.0,1.0,0.6662308573722839,1.0,0.23697450757026672,29.74570089556584,0.6380953192710876,0.41375711525589515,0.6180768609046936,5.857010841369629,0.7144631151217579,0.1077188224857375,0.6664923429489136,10088.06336983416,2,2886.3845982492835,18.943364164032406,6.382690906524658,0.032234906080914144,0
27.200582438153774,88.31513574111693,2022-06-01,13.254622013881587,17.840907235602216,38.67337199666547,57.484399957774805,104.6490097201988,2.4078745762244735,120.39712178668918,133.61848881592672,2964.1835595323623,89.99714232503915,215.8186837262247,179234218.0297637,261.72434581949034,4.070074081420898,0.36497315764427185,2.0,3.0,0.6344015598297119,1.0,0.26990339159965515,15.216857496375603,0.5845646858215332,0.38557848784765736,0.5032349228858948,8.476442337036133,0.952718256384097,0.14355709776897818,0.6537606239318848,5605.796568006778,0,5924.987426836347,13.757055462384132,4.014420032501221,0.04839159648164686,0
27.21651140091885,88.02308551257268,2022-04-03,3.5339807160197076,5.555755855832823,17.714330136647895,54.59262401658505,110.03032224955368,0.6474178487171397,10.253264278248498,17.6082789839469,2868.5907434885157,89.9946373696125,157.71197609822252,50965234.838054545,177.25960909750438,3.8077099323272705,0.36497315764427185,3.0,5.0,0.633811354637146,1.0,0.2875479757785797,15.124802209060103,0.6445828080177307,0.42407246373049023,0.44614177942276,11.077543258666992,0.9813222532475824,0.1086410846564016,0.6535245418548584,6235.74871571201,0,11129.185648500463,22.226044269576384,4.558622360229492,0.044943706720205374,0
27.506474280930263,88.28600761735133,2024-06-28,28.547473971056544,34.035632726709764,77.86647699007356,268.71226075231164,454.2538750360502,10.953396853770986,25.665477205502036,77.4153641604868,1862.7669937978023,89.99520964061222,225.7903135637733,-96736964.94274685,87.74942120636418,1.505124807357788,2.5417439937591553,2.0,5.0,0.8074102401733398,1.0,0.2606574594974518,16.813306548941558,0.5166124105453491,0.5061255246715679,0.7186503410339355,11.16135025024414,0.9243215734863199,0.004246336229317883,0.722964096069336,661.8521561911609,1,2458.493112899939,38.42907403845461,5.058914661407471,0.18446950608494317,0
27.716159843568267,88.91307953121456,2023-08-14,38.39867309180019,65.90150600895646,104.1654174894979,233.8257303730265,464.63854122826274,18.382500328336768,34.22175522571732,20.248627970186618,3134.0240044175116,89.99917040978066,346.7755934968976,122953830.56021087,239.7067938231831,3.114562749862671,0.36497315764427185,3.0,5.0,0.5434587597846985,1.0,0.4044332802295685,0.3945701602874868,0.5927579998970032,0.5566046816054627,0.41275134682655334,12.163656234741211,0.5066296142375522,0.2279505319850874,0.6173835039138794,13453.852977432329,0,8354.341229923215,40.88072459765877,5.967219829559326,0.025548220128326832,0
27.539581637199337,88.70813228376113,2022-05-05,0.7881999361199985,10.904972382791447,27.58930602700899,56.0646904280659,100.93965423483984,0.2192617124427359,0.38344375835544714,2.8140565684503147,4285.778922067253,89.99833396624196,156.16991838001445,275156003.6180233,214.5329954575034,4.596167087554932,0.0,4.0,4.0,0.0,2.0,0.25201117992401123,27.831445751545814,0.45111706852912903,0.303798307141023,0.19108562171459198,10.744562149047852,0.9786869177667534,0.9320910758174737,0.175,4937.801246836042,2,3679.745050767833,13.751314930116795,74.04964447021484,0.11861435883799346,0
28.02076049531938,88.67024723044807,2019-12-29,3.8129800780483945,9.353983402191362,19.236737689863133,64.0280597462692,132.62616220846442,0.9885164161058939,5.597849585542533,6.3358765504924595,2053.183488915346,89.99824225087077,334.2732584570633,-223746373.97066218,134.73960392926858,1.505124807357788,1.3159294128417969,2.0,4.0,0.8661998510360718,1.0,0.32579103112220764,5.851816150560166,0.41984322667121887,0.2996551281548232,0.09464585781097412,9.640731811523438,0.5247813694096009,0.007980658294989366,0.7464799404144288,8733.605426053158,1,4677.3734194758445,66.54463886961469,5.014291763305664,0.03472760165129814,0
27.88366584293414,88.8061253375836,2024-09-27,7.684280982236743,21.30406796980748,95.44082767861403,268.07412120945287,545.269812018489,3.215777910359937,3.4483463297020784,38.851284637911455,2359.58187420917,89.9981561877804,76.92661959304002,-10154321.548105944,291.8804062461044,1.505124807357788,1.154146432876587,2.0,5.0,0.6858654022216797,1.0,0.2742316424846649,11.340100472307615,0.5641685128211975,0.5766567294532136,0.2855745851993561,11.199716567993164,0.6934503064497174,0.021851461041451973,0.6743461608886719,11207.429776203275,1,2395.610029088079,53.178577842765534,6.277968406677246,0.029656617961449444,0
27.12893760043751,88.68114455778422,2023-08-31,19.53806939895534,162.02324724280854,292.9211774325462,449.2174658139245,680.6377787270053,11.19323813080973,30.767490913752223,64.02403376961482,1759.8562710284154,89.99691814374367,8.425875864423745,-92483025.3319861,83.37795683270717,1.505124807357788,1.064070463180542,2.0,4.0,0.8686187863349915,1.0,0.24558480083942413,52.15614310990168,0.5580933690071106,0.6354745727074411,0.5459142923355103,10.325668334960938,0.50269843544911,0.003016974919994534,0.7474475145339966,12562.11442298361,1,3238.6966897302887,32.66964803596914,5.44718074798584,0.026429458744825326,0
27.62500729672474,88.6083152408186,2021-01-29,0.3739357782187476,4.554122789265702,20.0461714966908,44.858256352846496,104.42806136468046,0.11452106512925139,1.3215313440367715,3.1927569770668778,3882.25721926962,89.99887097089156,356.4787465355412,-68443832.86191691,104.65694260829807,1.505124807357788,0.7299463152885437,4.0,4.0,0.22720898687839508,1.0,0.2435789853334427,19.976938537658114,0.44361332058906555,0.30090571636377145,0.2935417890548706,12.662657737731934,0.5004719789432208,0.7814592878643962,0.49088359475135807,7205.695510026505,0,8266.7084920514,23.190229782286686,5.7520904541015625,0.04115246935064923,0
28.09589108187729,88.91565761573142,2019-01-29,1.876967791531364,8.05646896997256,18.482532608707807,41.218584531914345,99.25858323555781,0.1889601521697453,0.5096766673052915,6.588676787663085,2815.7893205021583,89.99667965891727,352.4214875136499,99736860.26779276,117.920441428851,4.338338375091553,0.7299463152885437,3.0,5.0,0.6147879958152771,1.0,0.345936119556427,2.424294127871731,0.4297328591346741,0.2901920838120703,0.5366583466529846,10.721546173095703,0.5021837324059109,0.09273385165341311,0.6459151983261109,4965.626377541313,0,18137.809744565184,78.88967137719284,5.984048843383789,0.05509625253987721,0
27.82914145210485,88.69748469027981,2020-01-07,2.8660934952767767,16.550188621785214,33.50977997410799,59.11076469423537,128.25947016296323,0.30097912029563634,2.428726635185062,2.9708737766190234,3219.6731247109033,89.99900909182868,317.03269198798466,-110915757.67433247,194.9119369426219,1.505124807357788,1.064070463180542,3.0,5.0,0.6453609466552734,1.0,0.26326262950897217,12.914296110284498,0.44398024678230286,0.3121224146507879,0.20966492593288422,10.892627716064453,0.5670643202248848,0.2820282625571682,0.6581443786621094,2676.8819751938286,1,2226.1334361182503,45.356191505300096,5.008538246154785,0.08549206644049659,0
27.04627006512286,88.72292910860214,2024-09-28,2.72335819735649,14.366447296746596,90.22717806062485,261.23294523769056,550.6402285620445,0.8223613220835033,59.30546539769214,108.59515956192679,1513.231342894833,89.99836290227495,36.452143348851166,-47511654.31081941,104.91326038079355,2.8914191722869873,0.5161499977111816,2.0,5.0,0.8356590867042542,1.0,0.23875336349010468,59.066923477213685,0.5924270749092102,0.5960899415292713,0.319682776927948,12.581341743469238,0.5489116476168068,0.001328252214406295,0.7342636346817017,2818.852398797361,1,3871.022541926427,42.22361621424872,3.9659550189971924,0.08148950964270568,0
28.113660391529265,88.4324253142601,2021-06-05,14.815187510929626,78.68097536990781,208.40043764410427,231.0781708826662,276.19145940972305,4.605030838644054,42.14647122530543,97.54798249129043,3613.824029960779,89.99806824036384,238.6125593132471,94673088.0126822,126.10433614833138,3.296884298324585,0.36497315764427185,3.0,5.0,0.3222420811653137,1.0,0.24970003962516785,18.888423677584814,0.3949427306652069,0.3509602596723134,0.14328543841838837,10.896641731262207,0.8802056299556595,0.5937316223686755,0.5288968324661255,12055.78735114249,1,4929.801902164042,80.1711714470616,3.9067702293395996,0.02585516772328873,0
27.89686083013277,88.07888192325001,2019-07-22,15.749660065501152,65.90351628787191,144.14995139013473,295.5467786897367,664.2785238815258,7.0023605740419335,27.637164061471562,67.890136124695,2709.335907269631,89.99915091048219,333.54856716719803,11162543.475724474,147.7761678350668,1.505124807357788,0.2580749988555908,3.0,5.0,0.7164086103439331,1.0,0.3041324317455292,5.693583155316241,0.5541568398475647,0.6255639935332513,0.4872972369194031,12.257196426391602,0.5261719343173682,0.06688542121841652,0.6865634441375733,2937.2450652287125,0,7814.190554658281,78.11858119209437,4.342848300933838,0.07947769552134337,0
27.92951889239769,88.0343827762971,2021-11-20,6.67473185582766,12.83468152861982,23.450967465881533,51.39219278919631,97.46659990870643,1.2218457682150463,5.41936141443634,4.607995701139002,3209.248803633466,89.99771950519657,255.1623621319693,68339877.5984241,141.72201250349983,1.505124807357788,0.7742249965667725,3.0,5.0,0.6299022436141968,1.0,0.35865411162376404,2.550561718658696,0.3833021819591522,0.2615068014665209,0.4626597464084625,12.343087196350098,0.814020203405645,0.27504583920842546,0.6519608974456788,3886.5828764939106,0,9964.4695856139,83.79675324569303,5.849099159240723,0.06607528306135903,0
27.421153645676608,88.04528957925189,2020-08-01,13.953183275147017,45.44240871268927,209.4819645242847,311.78824965171754,674.4116889893661,3.3554078115041883,40.992021990566,58.1460059073216,1927.6032703769404,89.99808658307388,312.2901311009695,53809077.69508895,102.68555464726948,1.505124807357788,0.2580749988555908,2.0,1.0,0.8973292112350464,1.0,0.35428664088249207,2.660339678593621,0.6504313349723816,0.6880044436209519,0.9804760217666626,8.190216064453125,0.5817787235173985,0.005265381247710263,0.7589316844940186,4215.147324969507,0,7411.081458511706,38.853409637782285,5.410895347595215,0.061800019832092594,0
27.763095360394257,88.66333012256989,2018-10-07,1.9498466968052661,9.89831379948347,22.579979913070268,251.94740573358746,677.1330541746045,0.3641809672595573,1.6279859571896227,6.561091597130048,3355.9939183579254,89.99714315983735,150.13541115520644,-46416255.47092135,54.596974380190964,1.505124807357788,0.36497315764427185,2.0,3.0,0.5829939246177673,1.0,0.25034964084625244,16.530725278356385,0.4982227385044098,0.5979350070600544,0.40594571828842163,8.867335319519043,0.9668011673338719,0.3822473382714611,0.633197569847107,7937.832292673508,0,6007.22269910271,37.890572099106635,5.1542840003967285,0.037601885686399425,0
27.874304371509336,88.80487458969178,2023-03-07,14.257271321870117,28.114818301108194,50.44808890704189,66.25521215018578,122.57148577755142,2.482815558440812,2.6910650097139337,11.183838045698604,2230.8081342968326,89.99830666863727,68.46817148682567,178377558.10899895,109.44062307105118,1.505124807357788,1.4598926305770874,3.0,5.0,0.7792178392410278,1.0,0.2683139443397522,11.419716827069017,0.6343714594841003,0.42373253191134536,0.3873644471168518,11.980866432189941,0.6582454928504512,0.014334616934317675,0.7116871356964112,10303.296904716564,1,2715.5616595364436,52.14236870304044,4.875908374786377,0.030318815551049552,0
27.904984899080493,88.04553625013565,2023-03-05,3.6373480538535725,15.514031822606885,31.77484510259602,50.14822452739514,103.96652541859274,0.8933228920225761,16.839622729924983,18.761590611302232,3215.722125006397,89.99875969664808,199.77548115295116,-266417235.2421543,245.904816869938,1.505124807357788,0.5770732164382935,4.0,5.0,0.7112103700637817,1.0,0.35748234391212463,2.9034734675342744,0.3527679145336151,0.24618550589659752,0.5485434532165527,11.663158416748047,0.9852564101196761,0.2793691634376244,0.6844841480255127,955.3273425336586,0,9882.15605513119,81.1636274526179,5.792386531829834,0.1580569573013535,0
27.96968159422605,88.00418511619388,2024-08-29,7.666535810050177,29.995482694969546,91.0390089836131,246.39468651412702,508.11807846357084,2.741274035856551,18.974301578534607,28.564222389682,3075.9012541525126,89.99820526369513,121.86224768433544,-149879560.15233198,160.18266756224395,1.505124807357788,0.7742249965667725,2.0,4.0,0.5833130478858948,1.0,0.3865302801132202,1.8470415218231042,0.4833977520465851,0.5110513242402672,0.5219676494598389,12.476598739624023,0.8819697076828749,0.1956570287633764,0.6333252191543579,9187.99301567593,0,8700.495632597982,89.00249160067175,4.508435249328613,0.03288266448622589,0
27.765334761281768,88.02753477888962,2021-08-08,34.89274869638125,103.1509168314084,231.0196599824418,327.89719080959827,628.142822648529,8.927992840210047,1.5755786990762175,37.29233602493379,3059.1834492403987,89.99913550845743,102.92249370933678,-72057923.8802914,215.4938789263858,1.505124807357788,0.7742249965667725,2.0,2.0,0.6315315365791321,1.0,0.3558503985404968,2.3630564678176387,0.38005581498146057,0.504429258325203,0.4747215807437897,8.209919929504395,0.8059081949002116,0.18703557636361254,0.6526126146316529,6569.059002499126,0,9320.543804014913,73.38921097360908,6.448631763458252,0.0448751364484626,0
27.75892247400712,88.22102227792536,2020-11-26,0.2005372423380861,6.612938564142809,15.386660733336479,39.71554743575388,102.4350932368309,0.032815033188425456,1.28258231449852,3.7299197231522427,2124.008228465503,89.9930156140453,322.4529464676765,14480164.024576928,60.15240997548158,2.1982719898223877,0.5770732164382935,3.0,2.0,0.7597550749778748,1.0,0.2839576303958893,11.904559045211784,0.5489399433135986,0.3631820734098878,0.4652561545372009,9.422050476074219,0.551786716462657,0.010084307891825317,0.7039020299911499,6688.466842368609,1,4354.07945241458,57.48648229096713,6.186007976531982,0.044015404977343554,0
27.39327550845275,88.79361054416398,2023-12-20,1.3694719353327895,15.615443614117455,23.38300728919015,73.07249986594915,128.48196220581997,0.06902474838938949,1.395150556124947,5.20492576287162,3546.1788380952216,89.99819110989226,71.3241288764234,-108438705.7628527,149.46203933134453,1.505124807357788,0.5770732164382935,3.0,1.0,0.32042425870895386,1.0,0.24671150743961334,37.39231436011789,0.4310862123966217,0.3044886586684441,0.44243642687797546,6.149740219116211,0.6699464837307799,0.5384065603643171,0.5281697034835816,7517.614079681147,1,4909.91724307485,13.21645801597974,3.856719970703125,0.038051450036964994,0
27.33780632576436,88.54899783332134,2021-02-21,5.320587895539147,9.687042991006034,16.01442826041044,44.53940566451658,108.0155016890021,1.5229550132490117,0.7966101974823521,2.2157890332254784,2978.3108371775725,89.99861923424997,93.76033637701391,119096452.62774308,251.52120916285605,3.584566354751587,0.7742249965667725,2.0,3.0,0.7150346040725708,1.0,0.24454566836357117,38.512881215727724,0.5444250106811523,0.36304808535760497,0.31773489713668823,9.006465911865234,0.7663957864295221,0.149444589348413,0.6860138416290283,6374.644778815893,1,4565.6054524033925,14.724543540179448,5.52545690536499,0.04506171516495461,0
27.310552307353227,88.82449853281985,2020-10-11,5.9596519924958296,8.042858792202537,29.9717203496224,86.10048132003969,555.5992178873638,1.4127452197268453,0.21373037681856405,4.639686704482318,2797.0086383351218,89.99790829830005,49.943913920718444,145165543.60477915,187.86052930163999,4.395496368408203,0.0,3.0,1.0,0.6405112147331238,1.0,0.2461085468530655,45.545497990983804,0.6159071922302246,0.6124662416143397,0.6017110347747803,6.6682515144348145,0.5891157069112956,0.08759943680817696,0.6562044858932495,1594.859092975089,1,2486.748396642296,20.158614486867883,5.33167839050293,0.11981484263840783,0
27.211980860591623,88.07887477984926,2022-09-22,13.575398440566651,39.77874412386866,247.3134786268569,530.1682876273236,814.6078514074525,6.8557788409430565,6.50576744383,22.753995754964947,3843.0373208547767,89.99893831358675,139.81164245441244,-142716983.6011931,159.36277513015654,1.505124807357788,1.290374994277954,3.0,5.0,0.2264184206724167,1.0,0.2715807855129242,10.139960682975499,0.3075122535228729,0.5469438018026027,0.47517672181129456,11.506584167480469,0.9409817923316977,0.758313917761862,0.4905673682689667,9060.22167669652,0,6581.912201913022,17.60601278315862,4.509066581726074,0.03325724018031174,0
27.81093223683497,88.75091139355794,2020-05-23,6.8313785184159554,15.906032450430171,25.17236989428506,44.88896184322969,76.614827671646,1.3307570863857887,6.093831931284314,9.538463151845791,3022.5278196557124,89.99868305275021,357.11621915946307,68999645.56935889,104.91540803404561,1.505124807357788,0.36497315764427185,2.0,5.0,0.577066957950592,1.0,0.2597862780094147,16.41925598550784,0.529866099357605,0.339823504984589,0.20852237939834595,11.943946838378906,0.5003165902740838,0.16916257059891285,0.6308267831802369,1495.9922517479636,2,4212.70724555545,44.05415091002011,6.224185943603516,0.12522409804590454,0
28.128580008175444,88.27561671302038,2023-06-05,8.975788439901672,40.16838612804107,117.64833782360921,137.66758273717554,223.08998546724644,0.7498629788228387,23.393473152220636,42.11627920383713,3765.040063294437,89.99865286300953,304.86522146679584,116906867.9165223,92.26050940662815,1.505124807357788,0.9305026531219482,3.0,1.0,0.3156331181526184,1.0,0.2695521116256714,7.9589903984204255,0.5466962456703186,0.41750972077328496,0.16060316562652588,5.566030502319336,0.6070880160112048,0.7075401278416766,0.5262532472610474,7661.293967103816,0,7656.0371280886275,87.3238335487101,5.9571309089660645,0.03941998578630573,0
28.127265442107092,88.65181933941221,2020-11-08,0.4274958068511343,7.954881395524447,30.58770537803306,56.07251914493402,106.14346296811733,0.06423068726548127,0.17447736092336513,9.30851425175696,775.4190615242054,89.99891715393365,322.37019466800695,-13186022.822835362,98.85414091007267,1.505124807357788,0.9305026531219482,1.0,1.0,0.6706529259681702,1.0,0.3154682219028473,5.436879433544589,0.7753953337669373,0.5007664631559355,0.061953406780958176,7.41787576675415,0.55200696551598,0.00011368828960191854,0.6682611703872681,384.8836215312446,0,7835.263048338141,78.39325396290562,3.5672974586486816,0.21918593582903026,0
